"","X.1","squirrel_id.x","year.x","mast.x","litter_id","ln","lifespan","litter_size","bdate","mother_age","mother_grid","spr_density","rep_status","season","days_since_part","Chao1","Shannon","FaithPD","avg_std_growth","readDepth.x","ShannonT","juv_survived","juv_died","juv_survival","avg_growth_litter","status"
"1","Sample1",11344,2010,"mast",4838,2,0,5,213,1,"KL",0.932224741748551,"lactating","summer",11,222,4.26247162091709,19.189353243,NA,25454,5783.989097006,4,1,0.8,NA,"breeding"
"2","Sample10",10818,2010,"mast",4822,2,4,4,222,2,"KL",0.932224741748551,"lactating","summer",3,226,4.62820242260277,16.263902684,1.27751504133589,23187,9458.85925518796,2,2,0.5,2.19074074074074,"breeding"
"3","Sample101",12625,2014,"mast",5980,2,1,5,188,4,"KL",1.66288737717309,"lactating","summer",28,184,4.11020053643702,13.950988137,0.102742742063146,28912,4654.05481735238,4,1,0.8,1.53894736842105,"breeding"
"4","Sample103",19550,2014,"mast",5799,1,0,5,135,2,"KL",1.66288737717309,"lactating","summer",61,198,3.92394535520724,15.431611227,-1.47547834678878,16399,3527.72425307375,0,5,0,0.885185185185185,"breeding"
"5","Sample104",11775,2014,"mast",5992,3,6,4,201,4,"KL",1.66288737717309,"lactating","summer",35,199,4.17734156855366,14.995918351,0.0232058202318647,34818,5127.16656240852,4,0,1,1.506,"breeding"
"6","Sample106",19550,2014,"mast",5799,1,0,5,135,2,"KL",1.66288737717309,"pregnant","late spring",-14,241,4.68062035812896,16.863723301,-1.47547834678878,21231,10117.2601639277,0,5,0,0.885185185185185,"breeding"
"7","Sample108",11256,2014,"mast",5704,1,4,3,112,5,"KL",1.66288737717309,"pregnant","early spring",-5,190,4.43241606307106,15.888633888,-0.303094613340611,19474,7305.95692837694,2,1,0.666666666666667,1.37083333333333,"breeding"
"8","Sample11",11176,2010,"mast",4827,2,0,4,189,2,"KL",0.932224741748551,"lactating","summer",42,182,4.56050290984572,13.983392388,0.364243900178591,19830,8661.6594494234,2,2,0.5,1.81363636363637,"breeding"
"9","Sample110",19769,2014,"mast",5931,1,5,4,145,1,"KL",1.66288737717309,"pregnant","late spring",-19,224,4.60480431606772,15.994681449,-0.103657191145605,22638,9176.70554098417,1,3,0.25,1.45344827586207,"breeding"
"10","Sample111",12190,2014,"mast",5920,2,0,4,167,3,"KL",1.66288737717309,"pregnant","late spring",-9,182,4.31559025809475,14.659935457,-0.921697469835901,22859,6228.23827724449,0,4,0,1.11458333333333,"breeding"
"11","Sample112",10342,2014,"mast",5978,2,1,1,192,7,"KL",1.66288737717309,"lactating","summer",22,197,4.21252037034211,15.4255713,2.51330863574364,24250,5390.61770756811,1,0,1,2.5375,"breeding"
"12","Sample113",11775,2014,"mast",5705,1,0,4,113,4,"KL",1.66288737717309,"non-breeding","early spring",-44,190,4.46653055690478,15.685119206,NA,16434,7648.43533325924,0,4,0,NA,"non-breeding"
"13","Sample114",12625,2014,"mast",5980,2,1,5,188,4,"KL",1.66288737717309,"lactating","summer",49,253,4.68962583109982,16.846374967,0.102742742063146,26644,10234.1247062923,4,1,0.8,1.53894736842105,"breeding"
"14","Sample119",12190,2014,"mast",5920,2,0,4,167,3,"KL",1.66288737717309,"lactating","summer",30,182,4.05320847158171,14.343331997,-0.921697469835901,20199,4281.52689684614,0,4,0,1.11458333333333,"breeding"
"15","Sample12",11171,2010,"mast",4825,1,3,4,133,2,"KL",0.932224741748551,"lactating","late spring",41,209,4.49019778637644,15.408158253,0.741274028654134,20829,7893.80132795384,2,2,0.5,1.96931818181818,"breeding"
"16","Sample120",11256,2014,"mast",6002,2,0,2,188,5,"KL",1.66288737717309,"lactating","summer",30,191,4.39633827189265,14.586914693,0.68904744031407,20601,6957.75818424281,0,2,0,1.78181818181818,"breeding"
"17","Sample122",19719,2014,"mast",6016,2,0,3,207,1,"KL",1.66288737717309,"non-breeding","late spring",-80,178,4.26405289492373,15.372999168,NA,23070,5796.82161218806,0,3,0,NA,"non-breeding"
"18","Sample123",10342,2014,"mast",5978,2,1,1,192,7,"KL",1.66288737717309,"lactating","summer",6,129,4.1429085878316,11.076524461,2.51330863574364,17488,4879.77133015223,1,0,1,2.5375,"breeding"
"19","Sample125",12625,2014,"mast",5699,1,0,5,111,4,"KL",1.66288737717309,"lactating","late spring",16,17,2.53538302941545,3.484097708,0.212407767072132,218,259.513756879095,0,5,0,1.584375,"breeding"
"20","Sample126",19719,2014,"mast",6016,2,0,3,207,1,"KL",1.66288737717309,"non-breeding","late spring",-63,155,4.01633219256017,14.104807459,NA,16691,4053.9838773514,0,3,0,NA,"non-breeding"
"21","Sample127",19769,2014,"mast",5931,1,5,4,145,1,"KL",1.66288737717309,"lactating","late spring",8,147,4.13184231871079,13.35881401,-0.103657191145605,13872,4802.40566897617,1,3,0.25,1.45344827586207,"breeding"
"22","Sample13",10342,2010,"mast",4808,3,NA,3,217,3,"KL",0.932224741748551,"pregnant","summer",-26,197,4.58827769669517,15.272063829,1.93841348768232,15946,8981.66653431774,3,0,1,2.46363636363636,"breeding"
"23","Sample131",11256,2014,"mast",6002,2,0,2,188,5,"KL",1.66288737717309,"lactating","summer",15,220,4.47784607703844,16.20825171,0.68904744031407,26137,7764.94236393144,0,2,0,1.78181818181818,"breeding"
"24","Sample132",11256,2014,"mast",5704,1,4,3,112,5,"KL",1.66288737717309,"lactating","late spring",14,163,4.18791447623653,14.948042845,-0.303094613340611,21906,5205.19351028025,2,1,0.666666666666667,1.37083333333333,"breeding"
"25","Sample135",11775,2014,"mast",5992,3,6,4,201,4,"KL",1.66288737717309,"pregnant","late spring",-24,190,4.14272737582853,14.10604517,0.0232058202318647,27802,4878.49614943143,4,0,1,1.506,"breeding"
"26","Sample137",11256,2014,"mast",6002,2,0,2,188,5,"KL",1.66288737717309,"lactating","summer",26,184,4.20649010999788,14.566842438,0.68904744031407,26882,5344.67419429487,0,2,0,1.78181818181818,"breeding"
"27","Sample138",11775,2014,"mast",5705,1,0,4,113,4,"KL",1.66288737717309,"lactating","late spring",8,188,4.48763611473432,15.301333687,NA,13821,7866.93144339979,0,4,0,NA,"breeding"
"28","Sample139",10342,2014,"mast",5978,2,1,1,192,7,"KL",1.66288737717309,"non-breeding","late spring",-66,180,4.29276223746732,15.033243361,2.51330863574364,14322,6033.96225022786,1,0,1,2.5375,"non-breeding"
"29","Sample14",11176,2010,"mast",4827,2,0,4,189,2,"KL",0.932224741748551,"lactating","summer",36,176,4.53765931527988,13.771488205,0.364243900178591,22297,8405.63485440899,2,2,0.5,1.81363636363637,"breeding"
"30","Sample143",10374,2014,"mast",5979,1,1,1,190,7,"KL",1.66288737717309,"non-breeding","late spring",-55,110,3.39075525859214,11.638083892,2.68430454729519,28272,1474.08067485204,1,0,1,2.60833333333333,"non-breeding"
"31","Sample146",11220,2014,"mast",5713,1,0,4,114,4,"KL",1.66288737717309,"lactating","late spring",21,113,3.74356598449425,11.959971474,NA,15894,2663.05917828931,0,4,0,NA,"breeding"
"32","Sample149",19550,2014,"mast",5799,1,0,5,135,2,"KL",1.66288737717309,"lactating","late spring",23,203,4.28184419897925,16.129838086,-1.47547834678878,25005,5942.84486550685,0,5,0,0.885185185185185,"breeding"
"33","Sample15",10375,2010,"mast",4813,2,1,1,208,3,"KL",0.932224741748551,"lactating","fall",38,194,4.44663523031303,14.510645963,0.300946871310434,28332,7447.1180741145,1,0,1,1.7875,"breeding"
"34","Sample152",11256,2014,"mast",6002,2,0,2,188,5,"KL",1.66288737717309,"pregnant","late spring",-19,174,4.1861993105709,16.419658034,0.68904744031407,19214,5192.46901300919,0,2,0,1.78181818181818,"breeding"
"35","Sample153",11220,2014,"mast",5713,1,0,4,114,4,"KL",1.66288737717309,"lactating","late spring",12,160,4.25466408622376,14.662456088,NA,18386,5720.97476989613,0,4,0,NA,"breeding"
"36","Sample155",12190,2014,"mast",5920,2,0,4,167,3,"KL",1.66288737717309,"pregnant","late spring",-23,170,3.75058689037883,14.938836181,-0.921697469835901,33678,2693.04063745999,0,4,0,1.11458333333333,"breeding"
"37","Sample157",11256,2014,"mast",5704,1,4,3,112,5,"KL",1.66288737717309,"lactating","late spring",22,154,4.03652841752338,13.435922613,-0.303094613340611,21090,4177.32134817671,2,1,0.666666666666667,1.37083333333333,"breeding"
"38","Sample158",11775,2014,"mast",5992,3,6,4,201,4,"KL",1.66288737717309,"pregnant","late spring",-32,192,4.30061081183481,14.748115697,0.0232058202318647,20874,6100.17930935387,4,0,1,1.506,"breeding"
"39","Sample159",12625,2014,"mast",5699,1,0,5,111,4,"KL",1.66288737717309,"lactating","early spring",3,179,4.35687313071138,14.833090352,0.212407767072132,14452,6592.80316543768,0,5,0,1.584375,"breeding"
"40","Sample16",11171,2010,"mast",4825,1,3,4,133,2,"KL",0.932224741748551,"lactating","late spring",33,197,4.41091695964608,15.208296002,0.741274028654134,22485,7096.75918732213,2,2,0.5,1.96931818181818,"breeding"
"41","Sample161",19719,2014,"mast",6016,2,0,3,207,1,"KL",1.66288737717309,"pregnant","summer",-13,229,4.52472549561827,17.553245081,NA,23039,8263.49206535047,0,3,0,NA,"breeding"
"42","Sample163",12190,2014,"mast",5698,1,0,3,108,3,"KL",1.66288737717309,"lactating","late spring",27,128,4.09167917977094,12.930787438,NA,14630,4530.14294479552,0,3,0,NA,"breeding"
"43","Sample165",12524,2014,"mast",6054,3,0,4,225,4,"SU",1.48652053413958,"lactating","fall",20,266,4.49481002895654,17.348748755,1.57898976547429,35185,7942.37271813582,1,3,0.25,2.35,"breeding"
"44","Sample166",11775,2014,"mast",5705,1,0,4,113,4,"KL",1.66288737717309,"lactating","late spring",14,177,4.27862856832242,15.563799697,NA,19013,5916.22803433168,0,4,0,NA,"breeding"
"45","Sample167",11256,2014,"mast",5704,1,4,3,112,5,"KL",1.66288737717309,"lactating","late spring",15,159,4.08315494924471,13.271845349,-0.303094613340611,16698,4474.04419317283,2,1,0.666666666666667,1.37083333333333,"breeding"
"46","Sample17",10318,2010,"mast",4806,2,2,3,196,4,"KL",0.932224741748551,"lactating","summer",29,203,4.38002004256616,15.937452572,0.44423666709603,15402,6804.86767291819,2,1,0.666666666666667,1.84666666666667,"breeding"
"47","Sample171",10374,2014,"mast",5979,1,1,1,190,7,"KL",1.66288737717309,"non-breeding","early spring",-87,174,4.29905872688592,13.886344764,2.68430454729519,13770,6087.03686988668,1,0,1,2.60833333333333,"non-breeding"
"48","Sample174",12625,2014,"mast",5980,2,1,5,188,4,"KL",1.66288737717309,"lactating","summer",5,191,4.32218062646924,14.487109516,0.102742742063146,16977,6285.28393136285,4,1,0.8,1.53894736842105,"breeding"
"49","Sample176",11220,2014,"mast",5713,1,0,4,114,4,"KL",1.66288737717309,"lactating","late spring",34,172,4.17577855578513,14.593511224,NA,28183,5115.7147645436,0,4,0,NA,"breeding"
"50","Sample177",12625,2014,"mast",5980,2,1,5,188,4,"KL",1.66288737717309,"lactating","summer",24,226,4.30208597491732,15.840031132,0.102742742063146,34550,6112.69229575373,4,1,0.8,1.53894736842105,"breeding"
"51","Sample178",12190,2014,"mast",5920,2,0,4,167,3,"KL",1.66288737717309,"lactating","summer",20,199,4.30810338085678,15.392077706,-0.921697469835901,20849,6163.95622445653,0,4,0,1.11458333333333,"breeding"
"52","Sample179",11256,2014,"mast",6002,2,0,2,188,5,"KL",1.66288737717309,"pregnant","late spring",-9,191,4.28652244673824,15.275561082,0.68904744031407,22244,5981.74625239814,0,2,0,1.78181818181818,"breeding"
"53","Sample181",12625,2014,"mast",5980,2,1,5,188,4,"KL",1.66288737717309,"non-breeding","late spring",-37,150,3.9506218992157,14.120047166,0.102742742063146,28016,3673.46718059591,4,1,0.8,1.53894736842105,"non-breeding"
"54","Sample182",11775,2014,"mast",5705,1,0,4,113,4,"KL",1.66288737717309,"lactating","late spring",17,164,4.22896420899969,14.473404749,NA,15837,5517.57451894684,0,4,0,NA,"breeding"
"55","Sample184",10342,2014,"mast",5978,2,1,1,192,7,"KL",1.66288737717309,"non-breeding","late spring",-46,161,4.17151423207033,14.541100333,2.51330863574364,21422,5084.57941009744,1,0,1,2.5375,"non-breeding"
"56","Sample186",19769,2014,"mast",5931,1,5,4,145,1,"KL",1.66288737717309,"lactating","late spring",32,218,4.32060365521643,15.500284045,-0.103657191145605,42099,6271.59437006895,1,3,0.25,1.45344827586207,"breeding"
"57","Sample188",12190,2014,"mast",5920,2,0,4,167,3,"KL",1.66288737717309,"lactating","summer",28,255,4.64924044353915,17.959091067,-0.921697469835901,28373,9718.68468835099,0,4,0,1.11458333333333,"breeding"
"58","Sample189",10342,2014,"mast",5978,2,1,1,192,7,"KL",1.66288737717309,"non-breeding","late spring",-52,192,4.41651959242666,15.481403037,2.51330863574364,25133,7150.78901398402,1,0,1,2.5375,"non-breeding"
"59","Sample19",11256,2010,"mast",4831,2,0,5,208,1,"KL",0.932224741748551,"lactating","summer",14,161,4.29760064893005,13.855403956,-0.908741911702044,11799,6074.71192973914,4,1,0.8,1.288,"breeding"
"60","Sample190",10374,2014,"mast",5979,1,1,1,190,7,"KL",1.66288737717309,"lactating","summer",27,216,4.2488541426749,16.095885767,2.68430454729519,27429,5674.45478863714,1,0,1,2.60833333333333,"breeding"
"61","Sample192",10342,2014,"mast",5978,2,1,1,192,7,"KL",1.66288737717309,"non-breeding","late spring",-43,182,4.40805660974629,15.031770107,2.51330863574364,22936,7069.3063176446,1,0,1,2.5375,"non-breeding"
"62","Sample193",11775,2014,"mast",5992,3,6,4,201,4,"KL",1.66288737717309,"lactating","summer",1,213,4.22086720060293,16.024645907,0.0232058202318647,26822,5454.75297521573,4,0,1,1.506,"breeding"
"63","Sample194",11775,2014,"mast",5705,1,0,4,113,4,"KL",1.66288737717309,"lactating","late spring",35,193,4.19972988582269,14.646761921,NA,33480,5293.55730186176,0,4,0,NA,"breeding"
"64","Sample198",19550,2014,"mast",5799,1,0,5,135,2,"KL",1.66288737717309,"pregnant","late spring",-8,173,4.3222526491671,15.216641957,-1.47547834678878,14099,6285.90974826094,0,5,0,0.885185185185185,"breeding"
"65","Sample199",11256,2014,"mast",5704,1,4,3,112,5,"KL",1.66288737717309,"pregnant","early spring",-3,202,4.45272411757831,15.639427733,-0.303094613340611,21249,7508.25618757738,2,1,0.666666666666667,1.37083333333333,"breeding"
"66","Sample2",10374,2010,"mast",4810,2,0,6,175,3,"KL",0.932224741748551,"lactating","summer",19,167,3.92140935350027,14.042672289,NA,23867,3514.12356196134,0,6,0,NA,"breeding"
"67","Sample20",12462,2011,"non-mast",5306,1,0,4,89,1,"SU",1.61249685059209,"lactating","early spring",20,202,4.36979759512565,15.04776927,-0.484974748611147,28408,6710.5233972969,0,4,0,1.63382352941177,"breeding"
"68","Sample202",11953,2014,"mast",5939,2,3,4,174,4,"SU",1.48652053413958,"lactating","summer",30,120,3.42171357219119,10.637371896,-0.727211663307021,19617,1556.34481523839,3,1,0.75,1.28888888888889,"breeding"
"69","Sample203",11220,2014,"mast",5713,1,0,4,114,4,"KL",1.66288737717309,"pregnant","early spring",-30,227,4.52733754954589,16.873617072,NA,22797,8292.03608293943,0,4,0,NA,"breeding"
"70","Sample204",12003,2014,"mast",5806,1,0,3,135,4,"SU",1.48652053413958,"lactating","summer",69,202,4.24277014725214,16.534613191,-0.11190263288453,31060,5626.07851873608,0,3,0,1.572,"breeding"
"71","Sample205",19267,2014,"mast",5732,1,0,2,122,4,"SU",1.48652053413958,"non-breeding","early spring",-38,215,4.56383319592287,15.878840956,NA,21368,8699.52085693731,0,2,0,NA,"non-breeding"
"72","Sample206",19740,2014,"mast",5818,1,0,3,180,1,"SU",1.48652053413958,"non-breeding","early spring",-77,189,4.11557629943883,15.463230824,-0.717552180882806,25618,4690.54361880886,2,1,0.666666666666667,1.29333333333333,"non-breeding"
"73","Sample207",12435,2014,"mast",5738,1,5,1,121,4,"SU",1.48652053413958,"lactating","late spring",20,135,3.26282259129491,14.957971983,1.4209255076235,28829,1171.44236807526,1,0,1,2.27727272727273,"breeding"
"74","Sample208",12462,2014,"mast",5703,1,0,4,112,4,"SU",1.48652053413958,"lactating","early spring",4,238,4.37934902417341,16.958110105,-0.425568450997273,42248,6798.64108076918,3,1,0.75,1.42767857142857,"breeding"
"75","Sample21",10318,2010,"mast",4806,2,2,3,196,4,"KL",0.932224741748551,"lactating","summer",35,179,4.19928614082721,14.735225851,0.44423666709603,19685,5290.21624787791,2,1,0.666666666666667,1.84666666666667,"breeding"
"76","Sample210",12003,2014,"mast",5806,1,0,3,135,4,"SU",1.48652053413958,"non-breeding","early spring",-61,184,4.32530953760634,15.351300144,-0.11190263288453,21157,6312.51942362928,0,3,0,1.572,"non-breeding"
"77","Sample212",11775,2014,"mast",5705,1,0,4,113,4,"KL",1.66288737717309,"lactating","late spring",25,159,3.86819309461644,13.658700361,NA,30367,3238.62875982937,0,4,0,NA,"breeding"
"78","Sample214",10342,2014,"mast",5978,2,1,1,192,7,"KL",1.66288737717309,"non-breeding","late spring",-39,163,4.09702391189914,14.20951129,2.51330863574364,27787,4565.61492878548,1,0,1,2.5375,"non-breeding"
"79","Sample215",12026,2014,"mast",5951,2,0,4,181,4,"SU",1.48652053413958,"pregnant","late spring",-23,220,4.45416013839726,16.396460342,NA,24682,7522.73591388796,0,4,0,NA,"breeding"
"80","Sample216",19740,2014,"mast",5818,1,0,3,180,1,"SU",1.48652053413958,"lactating","summer",34,190,4.24545733753827,15.748111922,-0.717552180882806,33366,5647.402921227,2,1,0.666666666666667,1.29333333333333,"breeding"
"81","Sample217",12462,2014,"mast",5703,1,0,4,112,4,"SU",1.48652053413958,"lactating","late spring",50,170,4.28057319090375,14.387004135,-0.425568450997273,22146,5932.31242329344,3,1,0.75,1.42767857142857,"breeding"
"82","Sample218",19267,2014,"mast",5732,1,0,2,122,4,"SU",1.48652053413958,"pregnant","early spring",-9,251,4.55018835061495,16.721475554,NA,32444,8545.26452164396,0,2,0,NA,"breeding"
"83","Sample219",11576,2014,"mast",5982,2,3,2,190,4,"SU",1.48652053413958,"pregnant","late spring",-13,164,4.05602837960081,14.019590715,1.75681205555643,19119,4299.35578348748,2,0,1,2.43181818181819,"breeding"
"84","Sample22",10318,2010,"mast",4806,2,2,3,196,4,"KL",0.932224741748551,"pregnant","late spring",-21,206,4.21589160747812,15.786475315,0.44423666709603,23835,5416.44556299052,2,1,0.666666666666667,1.84666666666667,"breeding"
"85","Sample220",12524,2014,"mast",5694,1,0,4,107,4,"SU",1.48652053413958,"lactating","early spring",2,237,4.54392286343937,17.428638283,NA,36210,8475.1994606417,0,4,0,NA,"breeding"
"86","Sample222",12026,2014,"mast",5731,1,0,3,123,4,"SU",1.48652053413958,"non-breeding","early spring",-46,223,4.69956096901609,16.497399293,NA,20859,10364.3554085084,0,3,0,NA,"non-breeding"
"87","Sample224",19740,2014,"mast",5818,1,0,3,180,1,"SU",1.48652053413958,"pregnant","late spring",-28,143,3.92418110026348,12.618137164,-0.717552180882806,19190,3528.99078775761,2,1,0.666666666666667,1.29333333333333,"breeding"
"88","Sample225",12524,2014,"mast",5694,1,0,4,107,4,"SU",1.48652053413958,"lactating","late spring",30,215,4.44833523666349,16.208410744,NA,27490,7464.14586142282,0,4,0,NA,"breeding"
"89","Sample227",12827,2014,"mast",5961,2,5,5,183,4,"KL",1.66288737717309,"pregnant","late spring",-25,222,4.55195551491806,16.066686468,0.507627179074356,24933,8565.11315230862,4,1,0.8,1.70666666666667,"breeding"
"90","Sample228",19267,2014,"mast",5732,1,0,2,122,4,"SU",1.48652053413958,"pregnant","early spring",-16,180,4.45776930554209,14.328925605,NA,15142,7559.2306573614,0,2,0,NA,"breeding"
"91","Sample229",13667,2014,"mast",5666,1,0,2,144,7,"SU",1.48652053413958,"lactating","late spring",25,162,3.745160895907,13.736700665,NA,36803,2669.8454316727,0,2,0,NA,"breeding"
"92","Sample23",13666,2010,"mast",4937,2,0,6,186,3,"SU",0.529100529100529,"lactating","summer",3,259,4.70237002900709,17.08688266,NA,27560,10401.4260152519,0,6,0,NA,"breeding"
"93","Sample230",11576,2014,"mast",5982,2,3,2,190,4,"SU",1.48652053413958,"lactating","summer",20,7,1.76874714565631,1.928035544,1.75681205555643,117,30.1858123769642,2,0,1,2.43181818181819,"breeding"
"94","Sample231",12524,2014,"mast",5694,1,0,4,107,4,"SU",1.48652053413958,"pregnant","early spring",-28,234,4.55462831388515,16.328561097,NA,21151,8595.20671882212,0,4,0,NA,"breeding"
"95","Sample232",11576,2014,"mast",5774,1,0,3,130,4,"SU",1.48652053413958,"non-breeding","early spring",-39,179,4.34286124255475,14.323732008,NA,14110,6467.12600208044,0,3,0,NA,"non-breeding"
"96","Sample235",12003,2014,"mast",5806,1,0,3,135,4,"SU",1.48652053413958,"pregnant","early spring",-28,113,3.94307241309101,11.746547757,-0.11190263288453,9570,3631.72242770392,0,3,0,1.572,"breeding"
"97","Sample237",19719,2014,"mast",6016,2,0,3,207,1,"KL",1.66288737717309,"pregnant","summer",-6,102,3.99100059568088,9.942394497,NA,4228,3903.585631989,0,3,0,NA,"breeding"
"98","Sample239",11722,2014,"mast",5733,1,0,4,120,4,"SU",1.48652053413958,"lactating","late spring",20,179,4.29709134064231,14.535934894,NA,26575,6070.41171386121,0,4,0,NA,"breeding"
"99","Sample24",13666,2010,"mast",4937,2,0,6,186,3,"SU",0.529100529100529,"pregnant","late spring",-8,227,4.36205056588308,15.012186829,NA,30284,6639.7527407858,0,6,0,NA,"breeding"
"100","Sample241",12003,2014,"mast",5806,1,0,3,135,4,"SU",1.48652053413958,"lactating","late spring",25,24,2.96998382635716,5.09489557,-0.11190263288453,333,667.891095858957,0,3,0,1.572,"breeding"
"101","Sample242",12435,2014,"mast",5738,1,5,1,121,4,"SU",1.48652053413958,"non-breeding","summer",88,201,4.25426380589157,14.769821486,1.4209255076235,20018,5717.75958997297,1,0,1,2.27727272727273,"non-breeding"
"102","Sample245",11976,2014,"mast",5936,2,2,4,165,4,"SU",1.48652053413958,"pregnant","late spring",-33,136,3.53727122340353,12.254016504,NA,40822,1897.98797695935,4,0,1,NA,"breeding"
"103","Sample247",11576,2014,"mast",5774,1,0,3,130,4,"SU",1.48652053413958,"lactating","late spring",14,142,3.8602647847406,12.657894167,NA,23254,3199.16870319515,0,3,0,NA,"breeding"
"104","Sample248",12524,2014,"mast",5694,1,0,4,107,4,"SU",1.48652053413958,"pregnant","early spring",-32,272,4.84211652953835,17.439703825,NA,25440,12390.4060895896,0,4,0,NA,"breeding"
"105","Sample25",11084,2010,"mast",4925,1,0,5,171,1,"SU",0.529100529100529,"lactating","summer",41,217,4.19519303143731,16.380703123,-1.24923892654823,23806,5259.48102911443,4,1,0.8,0.904242424242423,"breeding"
"106","Sample250",12026,2014,"mast",5731,1,0,3,123,4,"SU",1.48652053413958,"non-breeding","early spring",-47,246,4.84079107128138,16.788819408,NA,23565,12370.1545261711,0,3,0,NA,"non-breeding"
"107","Sample251",11256,2014,"mast",6002,2,0,2,188,5,"KL",1.66288737717309,"pregnant","late spring",-30,153,4.07797107869323,13.247914562,0.68904744031407,25491,4440.21239532887,0,2,0,1.78181818181818,"breeding"
"108","Sample252",12524,2014,"mast",5694,1,0,4,107,4,"SU",1.48652053413958,"pregnant","early spring",-28,270,4.72071860829174,17.438527247,NA,27830,10646.2946166858,0,4,0,NA,"breeding"
"109","Sample253",12026,2014,"mast",5731,1,0,3,123,4,"SU",1.48652053413958,"non-breeding","early spring",-47,248,4.78040788115143,16.971646295,NA,23090,11476.3318671222,0,3,0,NA,"non-breeding"
"110","Sample254",11722,2014,"mast",5966,2,0,4,180,4,"SU",1.48652053413958,"lactating","summer",29,273,4.6659516934652,17.3185417,-0.0510478936119758,42377,9929.28378925119,1,3,0.25,1.6,"breeding"
"111","Sample255",12524,2014,"mast",5694,1,0,4,107,4,"SU",1.48652053413958,"pregnant","early spring",-5,219,4.57232708990071,16.260810447,NA,26761,8796.71077428989,0,4,0,NA,"breeding"
"112","Sample256",11775,2014,"mast",5705,1,0,4,113,4,"KL",1.66288737717309,"pregnant","early spring",-14,222,4.47424268199065,16.704820046,NA,24610,7727.6817866988,0,4,0,NA,"breeding"
"113","Sample258",11722,2014,"mast",5966,2,0,4,180,4,"SU",1.48652053413958,"pregnant","late spring",-6,187,4.22206699023965,14.989353973,-0.0510478936119758,26145,5464.02390948752,1,3,0.25,1.6,"breeding"
"114","Sample259",11976,2014,"mast",5936,2,2,4,165,4,"SU",1.48652053413958,"non-breeding","early spring",-58,197,4.4145161135504,14.762266937,NA,24085,7131.42896573731,4,0,1,NA,"non-breeding"
"115","Sample26",10342,2010,"mast",4807,1,0,4,125,3,"KL",0.932224741748551,"pregnant","early spring",-33,222,4.38161658240791,16.842753926,NA,29532,6819.70156264949,0,4,0,NA,"breeding"
"116","Sample260",12026,2014,"mast",5731,1,0,3,123,4,"SU",1.48652053413958,"non-breeding","early spring",-42,249,4.62182793843581,16.240219563,NA,40231,9381.28428456042,0,3,0,NA,"non-breeding"
"117","Sample263",19611,2014,"mast",5817,1,1,3,174,1,"SU",1.48652053413958,"pregnant","late spring",-30,171,3.82067481241652,13.966149428,0.812732746245706,34161,3008.06315463728,3,0,1,1.9974358974359,"breeding"
"118","Sample265",12435,2014,"mast",5738,1,5,1,121,4,"SU",1.48652053413958,"lactating","late spring",7,154,4.23676967173404,13.223828008,1.4209255076235,16853,5578.70319631578,1,0,1,2.27727272727273,"breeding"
"119","Sample266",13667,2014,"mast",5666,1,0,2,144,7,"SU",1.48652053413958,"lactating","late spring",9,149,4.00561722883448,14.458989139,NA,18709,3989.78912331429,0,2,0,NA,"breeding"
"120","Sample268",11976,2014,"mast",5936,2,2,4,165,4,"SU",1.48652053413958,"non-breeding","early spring",-75,254,4.47851879380299,17.486611595,NA,46225,7771.91507283852,4,0,1,NA,"non-breeding"
"121","Sample27",10686,2010,"mast",4817,1,0,2,121,3,"KL",0.932224741748551,"non-breeding","early spring",-72,200,4.16942787178792,15.510369326,NA,27734,5069.40372755476,0,2,0,NA,"non-breeding"
"122","Sample270",12003,2014,"mast",5806,1,0,3,135,4,"SU",1.48652053413958,"lactating","late spring",17,160,4.19721532960585,14.328373177,-0.11190263288453,21056,5274.64785937881,0,3,0,1.572,"breeding"
"123","Sample274",12625,2014,"mast",5980,2,1,5,188,4,"KL",1.66288737717309,"pregnant","late spring",-33,138,4.02151949380942,12.698436259,0.102742742063146,24251,4085.3692427787,4,1,0.8,1.53894736842105,"breeding"
"124","Sample275",11576,2014,"mast",5982,2,3,2,190,4,"SU",1.48652053413958,"lactating","summer",27,191,4.48010436380998,15.321943979,1.75681205555643,20877,7788.37013240354,2,0,1,2.43181818181819,"breeding"
"125","Sample276",19611,2014,"mast",5817,1,1,3,174,1,"SU",1.48652053413958,"non-breeding","late spring",-36,115,3.9668599586518,10.904618802,0.812732746245706,13815,3764.61043597797,3,0,1,1.9974358974359,"non-breeding"
"126","Sample277",12003,2014,"mast",5806,1,0,3,135,4,"SU",1.48652053413958,"non-breeding","early spring",-45,114,3.83758329164175,12.145159321,-0.11190263288453,12589,3088.48461458678,0,3,0,1.572,"non-breeding"
"127","Sample278",12524,2014,"mast",6054,3,0,4,225,4,"SU",1.48652053413958,"lactating","summer",18,223,4.25925745730795,16.435843711,1.57898976547429,21314,5757.97808277665,1,3,0.25,2.35,"breeding"
"128","Sample279",12625,2014,"mast",5699,1,0,5,111,4,"KL",1.66288737717309,"pregnant","early spring",-32,9,2.01998224678451,2.226355543,0.212407767072132,108,66.7500547735378,0,5,0,1.584375,"breeding"
"129","Sample28",13666,2010,"mast",4937,2,0,6,186,3,"SU",0.529100529100529,"non-breeding","late spring",-36,170,4.20406296029612,14.628444045,NA,23464,5326.27441863792,0,6,0,NA,"non-breeding"
"130","Sample280",12524,2014,"mast",5694,1,0,4,107,4,"SU",1.48652053413958,"pregnant","early spring",-21,207,4.47127926957085,15.365356295,NA,14291,7697.15056226778,0,4,0,NA,"breeding"
"131","Sample281",12026,2014,"mast",5731,1,0,3,123,4,"SU",1.48652053413958,"non-breeding","early spring",-41,211,4.53922192401892,14.692502881,NA,24983,8422.94492433476,0,3,0,NA,"non-breeding"
"132","Sample282",11722,2014,"mast",5733,1,0,4,120,4,"SU",1.48652053413958,"pregnant","early spring",-14,215,4.62137208108205,15.325216899,NA,18893,9375.75703789218,0,4,0,NA,"breeding"
"133","Sample283",11775,2014,"mast",5705,1,0,4,113,4,"KL",1.66288737717309,"lactating","late spring",18,194,4.21642077854954,15.873521032,NA,29016,5420.50900952468,0,4,0,NA,"breeding"
"134","Sample284",11722,2014,"mast",5733,1,0,4,120,4,"SU",1.48652053413958,"pregnant","early spring",-4,160,4.22498202553483,13.89350379,NA,18976,5486.60345079686,0,4,0,NA,"breeding"
"135","Sample285",19611,2014,"mast",5817,1,1,3,174,1,"SU",1.48652053413958,"non-breeding","early spring",-84,228,4.41041973516146,15.898449911,0.812732746245706,44058,7091.98059671304,3,0,1,1.9974358974359,"non-breeding"
"136","Sample286",12026,2014,"mast",5951,2,0,4,181,4,"SU",1.48652053413958,"pregnant","late spring",-1,14,2.44591246317736,3.460273119,NA,355,209.379634458075,0,4,0,NA,"breeding"
"137","Sample287",11576,2014,"mast",5774,1,0,3,130,4,"SU",1.48652053413958,"non-breeding","early spring",-51,221,4.47403356391955,16.03433641,NA,18477,7725.52399918193,0,3,0,NA,"non-breeding"
"138","Sample288",11722,2014,"mast",5733,1,0,4,120,4,"SU",1.48652053413958,"lactating","late spring",3,164,4.27922511313984,13.345991973,NA,15568,5921.15831823166,0,4,0,NA,"breeding"
"139","Sample289",19719,2014,"mast",6016,2,0,3,207,1,"KL",1.66288737717309,"non-breeding","late spring",-44,181,4.19577135426356,14.0670079,NA,26821,5263.81462204524,0,3,0,NA,"non-breeding"
"140","Sample29",10342,2010,"mast",4807,1,0,4,125,3,"KL",0.932224741748551,"lactating","late spring",22,176,4.22262473184924,15.086367252,NA,15844,5468.33811806897,0,4,0,NA,"breeding"
"141","Sample290",12524,2014,"mast",5930,2,0,5,170,4,"SU",1.48652053413958,"lactating","summer",26,125,4.19079087174984,12.29216205,NA,10578,5226.59123614887,0,5,0,NA,"breeding"
"142","Sample291",12462,2014,"mast",5703,1,0,4,112,4,"SU",1.48652053413958,"non-breeding","early spring",-36,237,4.70402680863517,17.651239054,-0.425568450997273,30600,10423.3419184329,3,1,0.75,1.42767857142857,"non-breeding"
"143","Sample292",12003,2014,"mast",5806,1,0,3,135,4,"SU",1.48652053413958,"non-breeding","summer",89,160,4.40417672396249,13.584494129,-0.11190263288453,11273,7032.20958242789,0,3,0,1.572,"non-breeding"
"144","Sample293",11577,2014,"mast",5802,1,0,4,127,4,"SU",1.48652053413958,"non-breeding","early spring",-53,288,4.63793959755822,18.764545045,NA,28107,9578.38749461658,2,2,0.5,NA,"non-breeding"
"145","Sample294",19267,2014,"mast",5945,2,0,3,178,4,"SU",1.48652053413958,"pregnant","late spring",-27,102,3.43596619889884,10.903499474,NA,18075,1595.48260996405,0,3,0,NA,"breeding"
"146","Sample295",19740,2014,"mast",5818,1,0,3,180,1,"SU",1.48652053413958,"lactating","summer",16,406,5.20579800291892,30.286484247,-0.717552180882806,17493,19099.0467585253,2,1,0.666666666666667,1.29333333333333,"breeding"
"147","Sample297",12026,2014,"mast",5731,1,0,3,123,4,"SU",1.48652053413958,"non-breeding","early spring",-39,195,4.44860289479094,14.93025995,NA,18670,7466.82975911059,0,3,0,NA,"non-breeding"
"148","Sample298",11576,2014,"mast",5774,1,0,3,130,4,"SU",1.48652053413958,"non-breeding","early spring",-56,191,4.38466134304391,15.280310612,NA,15577,6848.06591071763,0,3,0,NA,"non-breeding"
"149","Sample299",13667,2014,"mast",5666,1,0,2,144,7,"SU",1.48652053413958,"non-breeding","early spring",-70,229,4.51575741696093,17.405898465,NA,23803,8166.11249455123,0,2,0,NA,"non-breeding"
"150","Sample3",10342,2010,"mast",4808,3,NA,3,217,3,"KL",0.932224741748551,"pregnant","summer",-23,188,4.62576872203011,14.776716127,1.93841348768232,13712,9429.17928736352,3,0,1,2.46363636363636,"breeding"
"151","Sample30",11256,2010,"mast",4831,2,0,5,208,1,"KL",0.932224741748551,"lactating","fall",36,255,4.66133941903,16.620742088,-0.908741911702044,29522,9870.78283616097,4,1,0.8,1.288,"breeding"
"152","Sample300",11976,2014,"mast",5936,2,2,4,165,4,"SU",1.48652053413958,"pregnant","late spring",-13,134,4.32877974928775,12.760349124,NA,7287,6342.84061089162,4,0,1,NA,"breeding"
"153","Sample301",19611,2014,"mast",5817,1,1,3,174,1,"SU",1.48652053413958,"lactating","summer",35,155,4.30823962540216,14.239380537,0.812732746245706,12982,6165.12106003735,3,0,1,1.9974358974359,"breeding"
"154","Sample306",12524,2014,"mast",6054,3,0,4,225,4,"SU",1.48652053413958,"pregnant","summer",-1,246,4.59989523388652,16.737894494,1.57898976547429,20859,9118.40638909365,1,3,0.25,2.35,"breeding"
"155","Sample308",12003,2014,"mast",5806,1,0,3,135,4,"SU",1.48652053413958,"non-breeding","early spring",-45,135,3.93438682704451,12.790713843,-0.11190263288453,14079,3584.18499562626,0,3,0,1.572,"non-breeding"
"156","Sample309",12435,2014,"mast",5738,1,5,1,121,4,"SU",1.48652053413958,"pregnant","early spring",-30,245,4.6596783104204,16.262110036,1.4209255076235,27072,9849.78416354121,1,0,1,2.27727272727273,"breeding"
"157","Sample310",11722,2014,"mast",5733,1,0,4,120,4,"SU",1.48652053413958,"lactating","late spring",7,213,4.37133227968244,15.419068698,NA,44037,6724.61730826946,0,4,0,NA,"breeding"
"158","Sample311",13667,2014,"mast",5666,1,0,2,144,7,"SU",1.48652053413958,"pregnant","late spring",-14,178,4.15479978599307,15.417938965,NA,19871,4964.05804356175,0,2,0,NA,"breeding"
"159","Sample312",11976,2014,"mast",5936,2,2,4,165,4,"SU",1.48652053413958,"pregnant","late spring",-33,116,3.50906139097556,12.133745677,NA,20641,1809.32266436508,4,0,1,NA,"breeding"
"160","Sample313",19611,2014,"mast",5817,1,1,3,174,1,"SU",1.48652053413958,"lactating","summer",40,232,4.5406721403751,16.151531148,0.812732746245706,26595,8439.03649383125,3,0,1,1.9974358974359,"breeding"
"161","Sample314",12026,2014,"mast",5731,1,0,3,123,4,"SU",1.48652053413958,"pregnant","early spring",-12,244,4.48124381144211,16.669773626,NA,32643,7800.21323515502,0,3,0,NA,"breeding"
"162","Sample315",12003,2014,"mast",5806,1,0,3,135,4,"SU",1.48652053413958,"non-breeding","early spring",-61,227,4.36270723283246,16.265099127,-0.11190263288453,41073,6645.72731433256,0,3,0,1.572,"non-breeding"
"163","Sample316",11722,2014,"mast",5733,1,0,4,120,4,"SU",1.48652053413958,"pregnant","early spring",-28,155,4.45122611784462,13.590477842,NA,9397,7493.17625117451,0,4,0,NA,"breeding"
"164","Sample317",11576,2014,"mast",5774,1,0,3,130,4,"SU",1.48652053413958,"lactating","late spring",2,149,4.16691740734991,13.561390292,NA,17040,5051.19322365571,0,3,0,NA,"breeding"
"165","Sample318",11576,2014,"mast",5774,1,0,3,130,4,"SU",1.48652053413958,"pregnant","late spring",-3,156,4.26137953175266,13.813915822,NA,15939,5775.14028043362,0,3,0,NA,"breeding"
"166","Sample319",12524,2014,"mast",5694,1,0,4,107,4,"SU",1.48652053413958,"pregnant","early spring",-16,246,4.7105863295316,15.919524372,NA,20816,10510.4891967461,0,4,0,NA,"breeding"
"167","Sample32",10686,2010,"mast",4817,1,0,2,121,3,"KL",0.932224741748551,"lactating","late spring",26,152,4.1401786611047,14.356321078,NA,17800,4860.59033210688,0,2,0,NA,"breeding"
"168","Sample321",12026,2014,"mast",5731,1,0,3,123,4,"SU",1.48652053413958,"pregnant","early spring",-25,214,4.58209382455219,15.705623535,NA,26993,8909.58071916442,0,3,0,NA,"breeding"
"169","Sample322",11722,2014,"mast",5733,1,0,4,120,4,"SU",1.48652053413958,"non-breeding","early spring",-45,132,4.31874571523294,12.822363736,NA,5895,6255.49760567523,0,4,0,NA,"non-breeding"
"170","Sample324",11220,2014,"mast",5713,1,0,4,114,4,"KL",1.66288737717309,"pregnant","early spring",-32,181,4.54020380787829,15.231314118,NA,11930,8433.837090599,0,4,0,NA,"breeding"
"171","Sample325",12435,2014,"mast",5738,1,5,1,121,4,"SU",1.48652053413958,"lactating","late spring",7,194,4.38725976472545,14.936916514,1.4209255076235,27595,6872.3498789316,1,0,1,2.27727272727273,"breeding"
"172","Sample326",12625,2014,"mast",5699,1,0,5,111,4,"KL",1.66288737717309,"pregnant","early spring",-16,197,4.3025554518048,14.827242089,0.212407767072132,23433,6116.67908674386,0,5,0,1.584375,"breeding"
"173","Sample327",11577,2014,"mast",5802,1,0,4,127,4,"SU",1.48652053413958,"pregnant","early spring",-34,233,4.63580451482055,16.998543967,NA,29645,9552.07132781517,2,2,0.5,NA,"breeding"
"174","Sample329",11577,2014,"mast",5802,1,0,4,127,4,"SU",1.48652053413958,"non-breeding","summer",77,129,4.11444310767794,13.266680568,NA,17007,4682.83216268927,2,2,0.5,NA,"non-breeding"
"175","Sample33",10191,2010,"mast",4920,2,6,5,185,5,"SU",0.529100529100529,"lactating","summer",48,271,4.65916148019322,18.706039547,-0.754088482423567,28831,9843.25831827177,4,1,0.8,1.18083333333333,"breeding"
"176","Sample330",12462,2014,"mast",5703,1,0,4,112,4,"SU",1.48652053413958,"pregnant","early spring",-21,193,4.46670657258411,16.000691552,-0.425568450997273,19701,7650.23641792192,3,1,0.75,1.42767857142857,"breeding"
"177","Sample331",11577,2014,"mast",5802,1,0,4,127,4,"SU",1.48652053413958,"non-breeding","early spring",-53,246,4.68622665882066,16.727072438,NA,22243,10189.882109831,2,2,0.5,NA,"non-breeding"
"178","Sample332",13667,2014,"mast",5666,1,0,2,144,7,"SU",1.48652053413958,"non-breeding","early spring",-67,228,4.45619673359382,17.643565411,NA,22871,7543.3112333028,0,2,0,NA,"non-breeding"
"179","Sample333",19740,2014,"mast",5818,1,0,3,180,1,"SU",1.48652053413958,"non-breeding","late spring",-49,183,4.31528766423957,14.797160298,-0.717552180882806,29442,6225.62943821907,2,1,0.666666666666667,1.29333333333333,"non-breeding"
"180","Sample335",19267,2014,"mast",5732,1,0,2,122,4,"SU",1.48652053413958,"pregnant","early spring",-30,236,4.57420003297573,17.145254903,NA,29028,8818.26279750939,0,2,0,NA,"breeding"
"181","Sample336",13667,2014,"mast",5666,1,0,2,144,7,"SU",1.48652053413958,"non-breeding","early spring",-45,153,4.22254591047259,14.285936043,NA,12991,5467.72825177305,0,2,0,NA,"non-breeding"
"182","Sample337",11722,2014,"mast",5733,1,0,4,120,4,"SU",1.48652053413958,"lactating","late spring",7,196,4.34998231827424,14.679595233,NA,32123,6530.74554123466,0,4,0,NA,"breeding"
"183","Sample338",11576,2014,"mast",5982,2,3,2,190,4,"SU",1.48652053413958,"pregnant","late spring",-13,202,4.23703514589588,15.449799413,1.75681205555643,32358,5580.79213773707,2,0,1,2.43181818181819,"breeding"
"184","Sample340",19740,2014,"mast",5818,1,0,3,180,1,"SU",1.48652053413958,"non-breeding","early spring",-67,169,4.27414011446986,14.114837287,-0.717552180882806,15915,5879.2416563851,2,1,0.666666666666667,1.29333333333333,"non-breeding"
"185","Sample341",13667,2014,"mast",5666,1,0,2,144,7,"SU",1.48652053413958,"pregnant","late spring",-18,200,4.36014076544809,16.346937532,NA,22068,6622.40215493746,0,2,0,NA,"breeding"
"186","Sample342",13667,2014,"mast",5666,1,0,2,144,7,"SU",1.48652053413958,"non-breeding","early spring",-54,188,4.3429514505361,15.850946709,NA,16643,6467.92867882894,0,2,0,NA,"non-breeding"
"187","Sample343",19611,2014,"mast",5817,1,1,3,174,1,"SU",1.48652053413958,"non-breeding","early spring",-77,132,4.16148648406656,12.618455594,0.812732746245706,12937,5011.98449093941,3,0,1,1.9974358974359,"non-breeding"
"188","Sample344",12462,2014,"mast",5703,1,0,4,112,4,"SU",1.48652053413958,"pregnant","early spring",-27,174,4.46659497976612,14.945347035,-0.425568450997273,12204,7649.09450076632,3,1,0.75,1.42767857142857,"breeding"
"189","Sample346",19550,2014,"mast",5799,1,0,5,135,2,"KL",1.66288737717309,"non-breeding","early spring",-47,175,4.50082943966546,14.593109937,-1.47547834678878,12795,8006.13703392759,0,5,0,0.885185185185185,"non-breeding"
"190","Sample348",12026,2014,"mast",5731,1,0,3,123,4,"SU",1.48652053413958,"pregnant","early spring",-25,170,4.4539833187132,14.075078824,NA,13872,7520.95174639035,0,3,0,NA,"breeding"
"191","Sample349",11577,2014,"mast",5802,1,0,4,127,4,"SU",1.48652053413958,"lactating","late spring",7,207,4.59331975639874,15.983811822,NA,22728,9040.80095974034,2,2,0.5,NA,"breeding"
"192","Sample350",12462,2014,"mast",5703,1,0,4,112,4,"SU",1.48652053413958,"pregnant","early spring",-21,216,4.49450824975423,17.328852693,-0.425568450997273,23986,7939.18710078988,3,1,0.75,1.42767857142857,"breeding"
"193","Sample352",19611,2014,"mast",5817,1,1,3,174,1,"SU",1.48652053413958,"lactating","summer",52,128,4.20225152439373,12.02885742,0.812732746245706,11000,5312.57665260875,3,0,1,1.9974358974359,"breeding"
"194","Sample354",12026,2014,"mast",5731,1,0,3,123,4,"SU",1.48652053413958,"pregnant","early spring",-14,154,4.32502418475382,13.058431732,NA,13142,6310.03151519756,0,3,0,NA,"breeding"
"195","Sample355",12026,2014,"mast",5951,2,0,4,181,4,"SU",1.48652053413958,"lactating","summer",21,154,4.14215008170471,13.546358479,NA,16218,4874.4356063897,0,4,0,NA,"breeding"
"196","Sample356",12462,2014,"mast",5703,1,0,4,112,4,"SU",1.48652053413958,"pregnant","early spring",-14,188,4.45797180769929,15.344329777,-0.425568450997273,15363,7561.28265400705,3,1,0.75,1.42767857142857,"breeding"
"197","Sample357",12190,2014,"mast",5920,2,0,4,167,3,"KL",1.66288737717309,"pregnant","late spring",-8,152,4.20619141363931,13.877385982,-0.921697469835901,14776,5342.40698041707,0,4,0,1.11458333333333,"breeding"
"198","Sample358",13667,2014,"mast",5666,1,0,2,144,7,"SU",1.48652053413958,"non-breeding","early spring",-45,187,4.28623090593127,15.157636425,NA,19224,5979.31580251532,0,2,0,NA,"non-breeding"
"199","Sample359",13667,2014,"mast",5666,1,0,2,144,7,"SU",1.48652053413958,"pregnant","late spring",-18,177,4.26182184909126,15.055687153,NA,17681,5778.72286399747,0,2,0,NA,"breeding"
"200","Sample36",10375,2010,"mast",4813,2,1,1,208,3,"KL",0.932224741748551,"pregnant","summer",-14,159,4.34307091462998,12.504255486,0.300946871310434,21474,6468.99180612179,1,0,1,1.7875,"breeding"
"201","Sample360",13438,2014,"mast",5768,1,0,2,130,2,"SU",1.48652053413958,"non-breeding","early spring",-38,191,4.57452760490795,15.72406213,NA,15153,8822.03669275621,0,2,0,NA,"non-breeding"
"202","Sample361",13667,2014,"mast",5666,1,0,2,144,7,"SU",1.48652053413958,"non-breeding","early spring",-59,194,4.51661823286047,15.793772831,NA,15450,8175.41797670918,0,2,0,NA,"non-breeding"
"203","Sample363",19719,2014,"mast",6016,2,0,3,207,1,"KL",1.66288737717309,"pregnant","late spring",-32,162,4.1739555891462,13.665463724,NA,21026,5102.38526349559,0,3,0,NA,"breeding"
"204","Sample364",13412,2014,"mast",5805,1,0,4,135,2,"KL",1.66288737717309,"pregnant","early spring",-33,173,4.11230652334798,14.724842314,NA,19100,4668.32125726425,0,4,0,NA,"breeding"
"205","Sample365",19611,2014,"mast",5817,1,1,3,174,1,"SU",1.48652053413958,"non-breeding","early spring",-81,161,4.2173224225706,13.21675895,0.812732746245706,17714,5427.43848178666,3,0,1,1.9974358974359,"non-breeding"
"206","Sample366",12026,2014,"mast",5951,2,0,4,181,4,"SU",1.48652053413958,"lactating","summer",30,206,4.27513318601254,16.097679219,NA,22592,5887.40827004773,0,4,0,NA,"breeding"
"207","Sample369",19267,2014,"mast",5732,1,0,2,122,4,"SU",1.48652053413958,"non-breeding","early spring",-45,202,4.54133175017173,16.326108933,NA,19567,8446.36397417201,0,2,0,NA,"non-breeding"
"208","Sample37",11344,2010,"mast",4838,2,0,5,213,1,"KL",0.932224741748551,"non-breeding","late spring",-39,174,4.37578665315078,14.055499002,NA,22669,6765.66409938945,4,1,0.8,NA,"non-breeding"
"209","Sample370",13667,2014,"mast",5666,1,0,2,144,7,"SU",1.48652053413958,"non-breeding","early spring",-70,164,4.20175366980959,13.929540059,NA,12902,5308.81710490729,0,2,0,NA,"non-breeding"
"210","Sample371",11576,2014,"mast",5774,1,0,3,130,4,"SU",1.48652053413958,"pregnant","late spring",-3,134,4.19537019353381,12.356432876,NA,14672,5260.80825635352,0,3,0,NA,"breeding"
"211","Sample372",11576,2014,"mast",5774,1,0,3,130,4,"SU",1.48652053413958,"pregnant","early spring",-31,217,4.34001338648986,16.579751938,NA,26700,6441.82819162841,0,3,0,NA,"breeding"
"212","Sample39",13666,2010,"mast",4937,2,0,6,186,3,"SU",0.529100529100529,"non-breeding","early spring",-82,181,3.88388297456611,14.576977202,NA,28596,3317.91427331312,0,6,0,NA,"non-breeding"
"213","Sample41",13666,2010,"mast",4937,2,0,6,186,3,"SU",0.529100529100529,"non-breeding","late spring",-54,192,4.47975899572293,15.028244732,NA,24372,7784.78343047139,0,6,0,NA,"non-breeding"
"214","Sample42",13666,2010,"mast",4937,2,0,6,186,3,"SU",0.529100529100529,"pregnant","late spring",-18,210,4.11669093243692,15.174249434,NA,26962,4698.13909341488,0,6,0,NA,"breeding"
"215","Sample43",11344,2010,"mast",4838,2,0,5,213,1,"KL",0.932224741748551,"non-breeding","late spring",-81,139,4.20263324541062,13.666135039,NA,12893,5315.46071917878,4,1,0.8,NA,"non-breeding"
"216","Sample44",10191,2011,"non-mast",5282,2,4,2,152,6,"SU",1.61249685059209,"non-breeding","early spring",-41,227,4.4159761733258,16.44727149,-0.210966135422042,30781,7145.53351822759,1,1,0.5,1.72857142857143,"non-breeding"
"217","Sample46",10342,2010,"mast",4808,3,NA,3,217,3,"KL",0.932224741748551,"pregnant","summer",-28,237,4.67497348984915,16.470117883,1.93841348768232,25154,10044.5488698217,3,0,1,2.46363636363636,"breeding"
"218","Sample47",11489,2010,"mast",4839,1,0,5,153,3,"KL",0.932224741748551,"non-breeding","early spring",-82,267,4.62707911225619,17.35100795,-1.47382843029312,35858,9445.15037784707,1,4,0.2,1.05466666666667,"non-breeding"
"219","Sample5",11344,2010,"mast",4838,2,0,5,213,1,"KL",0.932224741748551,"pregnant","summer",-21,116,3.76972718067432,11.376053278,NA,14232,2776.20657091143,4,1,0.8,NA,"breeding"
"220","Sample51",11489,2010,"mast",4839,1,0,5,153,3,"KL",0.932224741748551,"lactating","summer",64,239,4.3833456643516,16.385319469,-1.47382843029312,34917,6835.79729754006,1,4,0.2,1.05466666666667,"breeding"
"221","Sample52",10375,2010,"mast",4812,1,0,2,139,3,"KL",0.932224741748551,"non-breeding","early spring",-78,92,3.91646540005501,9.73774624,0.405736266928286,3933,3487.73442045572,0,2,0,1.83076923076923,"non-breeding"
"222","Sample53",13666,2010,"mast",4937,2,0,6,186,3,"SU",0.529100529100529,"non-breeding","late spring",-53,107,3.98186284851985,11.83155703,NA,6976,3850.486677607,0,6,0,NA,"non-breeding"
"223","Sample54",13666,2010,"mast",4938,3,8,5,229,3,"SU",0.529100529100529,"pregnant","summer",-7,203,4.51970411478958,15.076546311,1.24370454860735,19230,8208.84917433156,4,1,0.8,2.2968,"breeding"
"224","Sample55",10342,2010,"mast",4807,1,0,4,125,3,"KL",0.932224741748551,"pregnant","early spring",-14,257,4.69060677147246,17.826188033,NA,27979,10246.9220255529,0,4,0,NA,"breeding"
"225","Sample56",11176,2010,"mast",4827,2,0,4,189,2,"KL",0.932224741748551,"lactating","summer",38,162,4.39627733525303,13.749210706,0.364243900178591,20737,6957.18197573508,2,2,0.5,1.81363636363637,"breeding"
"226","Sample57",11176,2010,"mast",4827,2,0,4,189,2,"KL",0.932224741748551,"lactating","summer",34,244,4.64875523589747,16.577667147,0.364243900178591,49975,9712.62600460093,2,2,0.5,1.81363636363637,"breeding"
"227","Sample58",11171,2010,"mast",4825,1,3,4,133,2,"KL",0.932224741748551,"non-breeding","early spring",-62,9,1.81028324695514,2.194135288,0.741274028654134,301,34.6765218883537,2,2,0.5,1.96931818181818,"non-breeding"
"228","Sample59",10318,2010,"mast",4805,1,0,4,120,4,"KL",0.932224741748551,"pregnant","early spring",-31,205,4.52457280749306,15.724064934,-0.677863705534831,29681,8261.82605346738,1,3,0.25,1.38333333333333,"breeding"
"229","Sample6",10374,2010,"mast",4811,3,0,5,221,3,"KL",0.932224741748551,"pregnant","summer",-14,217,4.54719413896,15.461605965,NA,25251,8511.72122877409,0,5,0,NA,"breeding"
"230","Sample60",10342,2010,"mast",4808,3,NA,3,217,3,"KL",0.932224741748551,"lactating","summer",14,244,4.61766666273937,17.898799824,1.93841348768232,28022,9330.92954706256,3,0,1,2.46363636363636,"breeding"
"231","Sample61",10342,2010,"mast",4807,1,0,4,125,3,"KL",0.932224741748551,"non-breeding","early spring",-76,208,4.37032650086916,15.669599811,NA,20923,6715.37786956532,0,4,0,NA,"non-breeding"
"232","Sample65",13666,2010,"mast",4937,2,0,6,186,3,"SU",0.529100529100529,"pregnant","late spring",-29,188,4.30355118439529,14.947202704,NA,21302,6125.14199960696,0,6,0,NA,"breeding"
"233","Sample66",11171,2010,"mast",4825,1,3,4,133,2,"KL",0.932224741748551,"non-breeding","early spring",-72,237,4.62465032737615,16.454394542,0.741274028654134,22569,9415.56603848893,2,2,0.5,1.96931818181818,"non-breeding"
"234","Sample67",10342,2010,"mast",4807,1,0,4,125,3,"KL",0.932224741748551,"non-breeding","early spring",-54,282,4.70335160801005,18.916273104,NA,31716,10414.4057184476,0,4,0,NA,"non-breeding"
"235","Sample69",10342,2010,"mast",4807,1,0,4,125,3,"KL",0.932224741748551,"non-breeding","early spring",-65,284,4.56856236813887,17.933467086,NA,29642,8753.52264607722,0,4,0,NA,"non-breeding"
"236","Sample7",10374,2010,"mast",4811,3,0,5,221,3,"KL",0.932224741748551,"pregnant","summer",-4,164,4.2976011453939,14.27533433,NA,14812,6074.71612274333,0,5,0,NA,"breeding"
"237","Sample70",13666,2010,"mast",4937,2,0,6,186,3,"SU",0.529100529100529,"non-breeding","late spring",-46,178,4.1541639107022,14.911751567,NA,37618,4959.52039063607,0,6,0,NA,"non-breeding"
"238","Sample72",11084,2010,"mast",4925,1,0,5,171,1,"SU",0.529100529100529,"lactating","summer",43,186,4.3111866749328,14.432475755,-1.24923892654823,26472,6190.36203509267,4,1,0.8,0.904242424242423,"breeding"
"239","Sample73",13666,2010,"mast",4937,2,0,6,186,3,"SU",0.529100529100529,"non-breeding","late spring",-65,208,4.53237411743087,15.415041926,NA,24995,8347.30651208186,0,6,0,NA,"non-breeding"
"240","Sample75",13666,2010,"mast",4937,2,0,6,186,3,"SU",0.529100529100529,"non-breeding","early spring",-67,126,3.77134694381958,12.837556616,NA,11394,2783.34159557292,0,6,0,NA,"non-breeding"
"241","Sample76",10342,2010,"mast",4807,1,0,4,125,3,"KL",0.932224741748551,"pregnant","early spring",-14,223,4.51421537704549,16.565093461,NA,24774,8149.46498063393,0,4,0,NA,"breeding"
"242","Sample78",19769,2014,"mast",5931,1,5,4,145,1,"KL",1.66288737717309,"pregnant","late spring",-19,226,4.70730306325548,16.467806277,-0.103657191145605,25791,10466.7934616925,1,3,0.25,1.45344827586207,"breeding"
"243","Sample79",11775,2014,"mast",5705,1,0,4,113,4,"KL",1.66288737717309,"non-breeding","early spring",-43,195,4.60488095635483,15.347610272,NA,18007,9177.61815814281,0,4,0,NA,"non-breeding"
"244","Sample8",10318,2010,"mast",4806,2,2,3,196,4,"KL",0.932224741748551,"pregnant","late spring",-22,155,3.9721548326782,14.018913956,0.44423666709603,16600,3794.73417247793,2,1,0.666666666666667,1.84666666666667,"breeding"
"245","Sample82",11775,2014,"mast",5992,3,6,4,201,4,"KL",1.66288737717309,"non-breeding","late spring",-36,191,4.19248838330308,15.740232697,0.0232058202318647,29824,5239.25348359124,4,0,1,1.506,"non-breeding"
"246","Sample83",12190,2014,"mast",5698,1,0,3,108,3,"KL",1.66288737717309,"pregnant","early spring",-6,155,4.18738834940144,12.97121506,NA,15084,5201.28751493632,0,3,0,NA,"breeding"
"247","Sample84",11775,2014,"mast",5705,1,0,4,113,4,"KL",1.66288737717309,"pregnant","early spring",-22,163,4.29165794044365,14.263983086,NA,13986,6024.69370302882,0,4,0,NA,"breeding"
"248","Sample87",10374,2014,"mast",5979,1,1,1,190,7,"KL",1.66288737717309,"pregnant","late spring",-30,156,4.01730490533282,13.427237445,2.68430454729519,27229,4059.85385656289,1,0,1,2.60833333333333,"breeding"
"249","Sample9",10318,2010,"mast",4806,2,2,3,196,4,"KL",0.932224741748551,"lactating","fall",53,175,4.35433365479711,13.912213361,0.44423666709603,18257,6569.87614815738,2,1,0.666666666666667,1.84666666666667,"breeding"
"250","Sample90",12190,2014,"mast",5698,1,0,3,108,3,"KL",1.66288737717309,"lactating","late spring",23,149,4.07638281587068,13.167139317,NA,27466,4429.88955653675,0,3,0,NA,"breeding"
"251","Sample92",12625,2014,"mast",5699,1,0,5,111,4,"KL",1.66288737717309,"lactating","late spring",15,236,4.747792045717,16.798024522,0.212407767072132,26300,11016.3528772242,0,5,0,1.584375,"breeding"
"252","Sample93",19719,2014,"mast",6016,2,0,3,207,1,"KL",1.66288737717309,"pregnant","summer",-11,243,4.59749311635233,16.605988432,NA,37169,9089.99195299594,0,3,0,NA,"breeding"
"253","Sample95",19769,2014,"mast",5931,1,5,4,145,1,"KL",1.66288737717309,"pregnant","late spring",-11,164,4.25796789142206,13.58293817,-0.103657191145605,20427,5747.56952670411,1,3,0.25,1.45344827586207,"breeding"
"254","Sample96",19719,2014,"mast",6016,2,0,3,207,1,"KL",1.66288737717309,"lactating","summer",7,168,4.25681101669736,13.469536863,NA,23362,5738.24530514628,0,3,0,NA,"breeding"
"255","Sample98",10374,2014,"mast",5979,1,1,1,190,7,"KL",1.66288737717309,"lactating","summer",15,117,3.8361399494817,12.092278716,2.68430454729519,17090,3081.55053956748,1,0,1,2.60833333333333,"breeding"
"256","Sample99",10342,2014,"mast",5978,2,1,1,192,7,"KL",1.66288737717309,"non-breeding","late spring",-37,153,4.24433482740264,14.108763858,2.51330863574364,18450,5638.48698725015,1,0,1,2.5375,"non-breeding"
"257","Sample373",19267,2014,"mast",5732,1,0,2,122,4,"SU",1.48652053413958,"lactating","late spring",5,212,4.43927611799249,15.970152514,NA,33525,7373.77950612326,0,2,0,NA,"breeding"
"258","Sample376",19267,2014,"mast",5945,2,0,3,178,4,"SU",1.48652053413958,"pregnant","late spring",-23,12,2.25377848938233,2.8319397,NA,283,128.423528033022,0,3,0,NA,"breeding"
"259","Sample377",19267,2014,"mast",5732,1,0,2,122,4,"SU",1.48652053413958,"lactating","late spring",1,196,4.39094421471159,15.420077368,NA,26180,6906.90638289489,0,2,0,NA,"breeding"
"260","Sample378",12003,2014,"mast",5806,1,0,3,135,4,"SU",1.48652053413958,"lactating","summer",58,186,3.94703427599567,14.95478914,-0.11190263288453,32463,3653.5799430555,0,3,0,1.572,"breeding"
"261","Sample379",12435,2014,"mast",5738,1,5,1,121,4,"SU",1.48652053413958,"pregnant","early spring",-30,239,4.46460925409674,16.094149439,1.4209255076235,32603,7628.79850541144,1,0,1,2.27727272727273,"breeding"
"262","Sample380",12524,2014,"mast",5694,1,0,4,107,4,"SU",1.48652053413958,"pregnant","early spring",-16,254,4.68195657243657,17.03127931,NA,27432,10134.5297504368,0,4,0,NA,"breeding"
"263","Sample381",11576,2014,"mast",5774,1,0,3,130,4,"SU",1.48652053413958,"non-breeding","early spring",-39,240,4.65344356953155,16.430352467,NA,34296,9771.30004544368,0,3,0,NA,"non-breeding"
"264","Sample383",13667,2014,"mast",5666,1,0,2,144,7,"SU",1.48652053413958,"non-breeding","early spring",-54,217,4.32072169092288,16.118498945,NA,34789,6272.61816826364,0,2,0,NA,"non-breeding"
"265","Sample384",19611,2014,"mast",5817,1,1,3,174,1,"SU",1.48652053413958,"lactating","summer",28,152,4.12497171468084,13.836020642,0.812732746245706,17038,4754.88836460448,3,0,1,1.9974358974359,"breeding"
"266","Sample385",11722,2014,"mast",5966,2,0,4,180,4,"SU",1.48652053413958,"pregnant","late spring",-6,183,4.22585295059205,14.344494371,-0.0510478936119758,26659,5493.36459341681,1,3,0.25,1.6,"breeding"
"267","Sample386",12026,2014,"mast",5951,2,0,4,181,4,"SU",1.48652053413958,"pregnant","late spring",-1,4,1.07407423572204,1.465957172,NA,119,1.53260393798332,0,4,0,NA,"breeding"
"268","Sample388",13667,2014,"mast",5666,1,0,2,144,7,"SU",1.48652053413958,"lactating","late spring",19,180,4.25986906827622,14.537395339,NA,23149,5762.92010187163,0,2,0,NA,"breeding"
"269","Sample389",12524,2014,"mast",5930,2,0,5,170,4,"SU",1.48652053413958,"lactating","late spring",1,237,4.67414709025794,17.330155544,NA,31346,10033.9444155756,0,5,0,NA,"breeding"
"270","Sample390",12462,2014,"mast",5703,1,0,4,112,4,"SU",1.48652053413958,"pregnant","early spring",-31,209,4.52168708159387,16.38263019,-0.425568450997273,24404,8230.39184858212,3,1,0.75,1.42767857142857,"breeding"
"271","Sample391",19740,2014,"mast",5818,1,0,3,180,1,"SU",1.48652053413958,"lactating","summer",4,181,4.09021655395486,15.357049628,-0.717552180882806,23564,4520.47586470146,2,1,0.666666666666667,1.29333333333333,"breeding"
"272","Sample392",12190,2014,"mast",5920,2,0,4,167,3,"KL",1.66288737717309,"pregnant","late spring",-27,126,3.88694745250571,13.216942664,-0.921697469835901,12649,3333.58704753743,0,4,0,1.11458333333333,"breeding"
"273","Sample393",11722,2014,"mast",5733,1,0,4,120,4,"SU",1.48652053413958,"pregnant","early spring",-28,191,4.62321907134809,14.932720169,NA,18195,9398.1684745413,0,4,0,NA,"breeding"
"274","Sample394",11722,2014,"mast",5733,1,0,4,120,4,"SU",1.48652053413958,"lactating","late spring",20,175,4.3294409634953,14.149996951,NA,24701,6348.631742204,0,4,0,NA,"breeding"
"275","Sample395",11577,2014,"mast",5802,1,0,4,127,4,"SU",1.48652053413958,"pregnant","early spring",-34,200,4.59257033960848,15.001692653,NA,24972,9031.9911748624,2,2,0.5,NA,"breeding"
"276","Sample396",12026,2014,"mast",5731,1,0,3,123,4,"SU",1.48652053413958,"pregnant","early spring",-12,180,4.38162880227288,14.498169834,NA,19966,6819.81520450806,0,3,0,NA,"breeding"
"277","Sample398",19740,2014,"mast",5818,1,0,3,180,1,"SU",1.48652053413958,"pregnant","late spring",-11,232,4.38994322738573,16.402287835,-0.717552180882806,45834,6897.50382818545,2,1,0.666666666666667,1.29333333333333,"breeding"
"278","Sample399",19611,2014,"mast",5817,1,1,3,174,1,"SU",1.48652053413958,"lactating","summer",40,245,4.52850023885668,16.02337822,0.812732746245706,39929,8304.76810381553,3,0,1,1.9974358974359,"breeding"
"279","Sample400",19611,2014,"mast",5817,1,1,3,174,1,"SU",1.48652053413958,"non-breeding","early spring",-77,153,4.30022941719753,12.921248088,0.812732746245706,18689,6096.94762344041,3,0,1,1.9974358974359,"non-breeding"
"280","Sample401",11722,2014,"mast",5733,1,0,4,120,4,"SU",1.48652053413958,"lactating","late spring",3,185,4.34795773195422,14.352741038,NA,24816,6512.60514802566,0,4,0,NA,"breeding"
"281","Sample402",12003,2014,"mast",5806,1,0,3,135,4,"SU",1.48652053413958,"lactating","late spring",46,140,3.79153594769946,12.540244793,-0.11190263288453,22037,2873.56276798788,0,3,0,1.572,"breeding"
"282","Sample404",11577,2014,"mast",5802,1,0,4,127,4,"SU",1.48652053413958,"lactating","summer",66,206,4.4085444818878,14.946485591,NA,21132,7073.98251824278,2,2,0.5,NA,"breeding"
"283","Sample405",12524,2014,"mast",5930,2,0,5,170,4,"SU",1.48652053413958,"lactating","late spring",1,233,4.60731615785453,16.450824963,NA,33203,9206.65542349754,0,5,0,NA,"breeding"
"284","Sample406",13667,2014,"mast",5666,1,0,2,144,7,"SU",1.48652053413958,"non-breeding","early spring",-60,244,4.55194129398196,16.673283823,NA,32602,8564.95327095551,0,2,0,NA,"non-breeding"
"285","Sample408",11576,2014,"mast",5774,1,0,3,130,4,"SU",1.48652053413958,"lactating","late spring",2,141,4.14482321963618,12.811226119,NA,20391,4893.26147392087,0,3,0,NA,"breeding"
"286","Sample410",12003,2017,"non-mast",7899,1,0,2,137,7,"SU",1.91484001007811,"non-breeding","summer",78,183,3.91817630155311,16.342612524,-0.743799961447439,38341,3496.84789483103,1,1,0.5,1.27777777777778,"non-breeding"
"287","Sample415",13667,2009,"non-mast",4561,1,0,4,165,2,"SU",0.73066263542454,"lactating","summer",30,189,4.1408653533481,14.852087632,NA,27952,4865.40924604604,0,4,0,NA,"breeding"
"288","Sample416",10191,2009,"non-mast",4549,2,0,5,204,4,"SU",0.73066263542454,"lactating","summer",5,164,4.12734221799517,13.394060606,1.73484791931409,16563,4771.2383992548,0,5,0,2.14,"breeding"
"289","Sample417",13667,2009,"non-mast",4561,1,0,4,165,2,"SU",0.73066263542454,"lactating","summer",21,246,4.54428201639204,16.290381415,NA,29550,8479.20279364479,0,4,0,NA,"breeding"
"290","Sample419",13667,2009,"non-mast",4561,1,0,4,165,2,"SU",0.73066263542454,"lactating","summer",22,205,4.34902892482848,15.66963876,NA,34745,6522.19785496149,0,4,0,NA,"breeding"
"291","Sample420",10374,2009,"non-mast",4471,1,1,3,135,2,"KL",1.15898211136306,"non-breeding","early spring",-39,167,4.09707023973562,11.99605797,-0.356808658647172,25982,4565.9234058826,1,2,0.333333333333333,1.40579710144927,"non-breeding"
"292","Sample421",10342,2009,"non-mast",4470,1,1,4,166,2,"KL",1.15898211136306,"non-breeding","early spring",-84,186,4.35887189929304,13.88288312,-1.53721319787886,24408,6610.89535970579,1,3,0.25,0.971153846153847,"non-breeding"
"293","Sample423",13667,2009,"non-mast",4561,1,0,4,165,2,"SU",0.73066263542454,"lactating","summer",36,176,4.06487189015008,13.226991374,NA,27382,4355.67036458293,0,4,0,NA,"breeding"
"294","Sample424",10191,2009,"non-mast",4548,1,0,3,157,4,"SU",0.73066263542454,"non-breeding","early spring",-70,206,4.26160657245525,14.834329179,NA,31240,5776.97898312443,0,3,0,NA,"non-breeding"
"295","Sample425",13666,2009,"non-mast",4560,1,1,4,170,2,"SU",0.73066263542454,"pregnant","late spring",-33,158,4.32155254715554,12.3968514,NA,25736,6279.82864685799,3,1,0.75,NA,"breeding"
"296","Sample426",13667,2009,"non-mast",4561,1,0,4,165,2,"SU",0.73066263542454,"non-breeding","early spring",-73,185,4.230135609795,14.181567633,NA,24641,5526.7126391848,0,4,0,NA,"non-breeding"
"297","Sample427",13666,2009,"non-mast",4560,1,1,4,170,2,"SU",0.73066263542454,"non-breeding","early spring",-72,57,3.49495906213349,7.165221223,NA,2305,1766.30828464418,3,1,0.75,NA,"non-breeding"
"298","Sample429",13667,2009,"non-mast",4561,1,0,4,165,2,"SU",0.73066263542454,"lactating","summer",50,179,4.51138829490049,13.365104867,NA,23651,8119.01783123586,0,4,0,NA,"breeding"
"299","Sample431",10342,2009,"non-mast",4470,1,1,4,166,2,"KL",1.15898211136306,"non-breeding","early spring",-75,203,4.29021776150743,15.167663963,-1.53721319787886,28076,6012.62385725511,1,3,0.25,0.971153846153847,"non-breeding"
"300","Sample432",10342,2009,"non-mast",4470,1,1,4,166,2,"KL",1.15898211136306,"non-breeding","early spring",-68,196,4.3394698301037,15.12927446,-1.53721319787886,20974,6437.00909892025,1,3,0.25,0.971153846153847,"non-breeding"
"301","Sample434",10342,2009,"non-mast",4470,1,1,4,166,2,"KL",1.15898211136306,"non-breeding","early spring",-53,228,4.25113259546964,16.235515177,-1.53721319787886,39825,5692.66058177094,1,3,0.25,0.971153846153847,"non-breeding"
"302","Sample435",10318,2009,"non-mast",4469,1,0,2,135,3,"KL",1.15898211136306,"non-breeding","early spring",-44,134,4.06990897619698,11.860907438,1.70956158316269,9781,4388.01961677738,1,1,0.5,2.16666666666667,"non-breeding"
"303","Sample436",13666,2009,"non-mast",4560,1,1,4,170,2,"SU",0.73066263542454,"non-breeding","early spring",-79,117,3.69079597404677,12.070172844,NA,15800,2446.48314638012,3,1,0.75,NA,"non-breeding"
"304","Sample438",10375,2009,"non-mast",4472,1,0,3,137,2,"KL",1.15898211136306,"lactating","summer",55,148,4.15826357483862,12.154410511,-0.389011831246805,28604,4988.83664356237,1,2,0.333333333333333,1.39393939393939,"breeding"
"305","Sample440",13666,2009,"non-mast",4560,1,1,4,170,2,"SU",0.73066263542454,"non-breeding","early spring",-82,182,4.05907274388304,13.965467088,NA,32976,4318.67314610286,3,1,0.75,NA,"non-breeding"
"306","Sample441",10191,2009,"non-mast",4549,2,0,5,204,4,"SU",0.73066263542454,"pregnant","summer",-18,199,4.31917492940407,15.537198483,1.73484791931409,34941,6259.2131594956,0,5,0,2.14,"breeding"
"307","Sample446",10342,2009,"non-mast",4470,1,1,4,166,2,"KL",1.15898211136306,"lactating","summer",23,209,4.38786781853773,16.194650154,-1.53721319787886,34021,6878.0428839303,1,3,0.25,0.971153846153847,"breeding"
"308","Sample448",10375,2009,"non-mast",4472,1,0,3,137,2,"KL",1.15898211136306,"non-breeding","early spring",-64,129,4.21135452622499,11.159433126,-0.389011831246805,12701,5381.70979513938,1,2,0.333333333333333,1.39393939393939,"non-breeding"
"309","Sample449",13667,2009,"non-mast",4561,1,0,4,165,2,"SU",0.73066263542454,"lactating","summer",41,187,4.17190350306729,14.654580341,NA,30326,5087.41505649046,0,4,0,NA,"breeding"
"310","Sample450",10191,2009,"non-mast",4549,2,0,5,204,4,"SU",0.73066263542454,"pregnant","summer",-5,198,4.12695221685552,14.18423954,1.73484791931409,32974,4768.54523809092,0,5,0,2.14,"breeding"
"311","Sample451",10342,2009,"non-mast",4470,1,1,4,166,2,"KL",1.15898211136306,"non-breeding","late spring",-40,230,4.43506965771781,15.796049436,-1.53721319787886,35510,7332.13007079521,1,3,0.25,0.971153846153847,"non-breeding"
"312","Sample452",13667,2009,"non-mast",4561,1,0,4,165,2,"SU",0.73066263542454,"lactating","summer",49,172,4.03387773196367,13.768472381,NA,22625,4160.95783236781,0,4,0,NA,"breeding"
"313","Sample483",10686,2008,"non-mast",4205,1,3,3,106,1,"KL",1.46132527084908,"lactating","late spring",39,186,4.39385475239158,15.127170524,-1.18941926718644,27057,6934.3065307319,3,0,1,1.43733333333333,"breeding"
"314","Sample484",13666,2008,"non-mast",4304,1,0,3,124,1,"SU",1.33534895439657,"lactating","late spring",40,93,3.58879617037205,10.300513299,-0.127502268430411,12742,2069.27893630343,0,3,0,1.84933333333333,"breeding"
"315","Sample485",13667,2008,"non-mast",4305,1,0,3,129,1,"SU",1.33534895439657,"pregnant","late spring",-2,256,4.6222635732495,16.864062126,-0.358786406445014,25875,9386.56886895678,0,3,0,1.79833333333333,"breeding"
"316","Sample487",10184,2008,"non-mast",4193,1,0,4,96,2,"KL",1.46132527084908,"lactating","late spring",30,148,4.52698017244534,12.570053007,NA,10280,8288.12589473098,0,4,0,NA,"breeding"
"317","Sample489",10686,2008,"non-mast",4205,1,3,3,106,1,"KL",1.46132527084908,"lactating","late spring",20,185,4.48480513677854,14.182607384,-1.18941926718644,19053,7837.32538014206,3,0,1,1.43733333333333,"breeding"
"318","Sample490",10342,2008,"non-mast",4198,1,0,2,125,1,"KL",1.46132527084908,"lactating","late spring",32,84,3.89872402632232,9.993333158,1.98194610434426,5232,3394.39129042409,1,1,0.5,2.3375,"breeding"
"319","Sample491",10686,2008,"non-mast",4205,1,3,3,106,1,"KL",1.46132527084908,"lactating","late spring",52,196,4.30321759474186,15.228285527,-1.18941926718644,37931,6122.30567501086,3,0,1,1.43733333333333,"breeding"
"320","Sample492",10375,2008,"non-mast",4200,1,0,3,117,1,"KL",1.46132527084908,"lactating","late spring",37,238,4.49600857579113,15.942284478,1.62624983298705,34964,7955.03523139078,0,3,0,2.23653846153846,"breeding"
"321","Sample493",13667,2008,"non-mast",4305,1,0,3,129,1,"SU",1.33534895439657,"lactating","late spring",38,9,1.64287162566117,2.344617289,-0.358786406445014,583,19.4192155635615,0,3,0,1.79833333333333,"breeding"
"322","Sample495",10342,2008,"non-mast",4198,1,0,2,125,1,"KL",1.46132527084908,"pregnant","early spring",-24,239,4.52262048336847,16.091419191,1.98194610434426,41594,8240.54847665712,1,1,0.5,2.3375,"breeding"
"323","Sample497",10342,2008,"non-mast",4198,1,0,2,125,1,"KL",1.46132527084908,"pregnant","early spring",-12,223,4.33916235876542,15.94673417,1.98194610434426,25880,6434.28443178612,1,1,0.5,2.3375,"breeding"
"324","Sample498",10191,2008,"non-mast",4293,1,0,3,106,3,"SU",1.33534895439657,"lactating","early spring",4,202,4.10376744985479,14.384308828,0.0446831215885523,24746,4610.70021971923,0,3,0,1.88730158730159,"breeding"
"325","Sample500",10375,2008,"non-mast",4200,1,0,3,117,1,"KL",1.46132527084908,"lactating","late spring",35,209,4.12706531899083,16.146017665,1.62624983298705,35300,4769.32613694781,0,3,0,2.23653846153846,"breeding"
"326","Sample501",10686,2008,"non-mast",4205,1,3,3,106,1,"KL",1.46132527084908,"lactating","late spring",59,164,4.04148127049028,13.548097935,-1.18941926718644,24336,4208.04047691246,3,0,1,1.43733333333333,"breeding"
"327","Sample502",10686,2008,"non-mast",4205,1,3,3,106,1,"KL",1.46132527084908,"pregnant","early spring",-30,235,4.11527744891262,15.504505763,-1.18941926718644,49448,4688.50889245394,3,0,1,1.43733333333333,"breeding"
"328","Sample504",13667,2008,"non-mast",4305,1,0,3,129,1,"SU",1.33534895439657,"pregnant","early spring",-29,227,4.45762125662108,15.645694757,-0.358786406445014,22624,7557.73074016073,0,3,0,1.79833333333333,"breeding"
"329","Sample505",10686,2008,"non-mast",4205,1,3,3,106,1,"KL",1.46132527084908,"lactating","late spring",37,186,4.40831150053048,14.896881855,-1.18941926718644,20208,7071.74909647682,3,0,1,1.43733333333333,"breeding"
"330","Sample506",10686,2008,"non-mast",4205,1,3,3,106,1,"KL",1.46132527084908,"lactating","late spring",30,223,4.43844945838887,16.4570454,-1.18941926718644,31013,7365.57898508285,3,0,1,1.43733333333333,"breeding"
"331","Sample507",10342,2008,"non-mast",4198,1,0,2,125,1,"KL",1.46132527084908,"lactating","late spring",51,210,4.12784736835466,16.723343986,1.98194610434426,29780,4774.72860825935,1,1,0.5,2.3375,"breeding"
"332","Sample508",10375,2008,"non-mast",4200,1,0,3,117,1,"KL",1.46132527084908,"lactating","late spring",48,156,4.11789304215755,13.98398039,1.62624983298705,15628,4706.34213839412,0,3,0,2.23653846153846,"breeding"
"333","Sample511",19550,2016,"non-mast",7039,1,0,3,98,4,"KL",3.04862685815067,"lactating","late spring",26,221,4.35674987882686,17.359063963,-0.317232312115941,33692,6591.688880877,0,3,0,1.51304347826087,"breeding"
"334","Sample512",11256,2016,"non-mast",6424,1,0,2,126,7,"KL",3.04862685815067,"non-breeding","early spring",-42,235,4.55961393718792,16.34407474,NA,38048,8651.57611662977,0,2,0,NA,"non-breeding"
"335","Sample513",11256,2016,"non-mast",6424,1,0,2,126,7,"KL",3.04862685815067,"non-breeding","early spring",-61,170,4.30640838557264,14.126690216,NA,17965,6149.48001671659,0,2,0,NA,"non-breeding"
"336","Sample514",19550,2016,"non-mast",7039,1,0,3,98,4,"KL",3.04862685815067,"lactating","early spring",7,168,4.46099543790479,14.030633362,-0.317232312115941,13082,7591.97693762483,0,3,0,1.51304347826087,"breeding"
"337","Sample516",19769,2016,"non-mast",6526,1,2,3,112,3,"KL",3.04862685815067,"lactating","late spring",26,201,4.35951760202141,16.323080651,0.429746360490053,23254,6616.74887478881,1,2,0.333333333333333,1.7695652173913,"breeding"
"338","Sample518",11256,2016,"non-mast",6424,1,0,2,126,7,"KL",3.04862685815067,"lactating","late spring",30,7,1.70897582447475,1.914813079,NA,114,24.5808624676588,0,2,0,NA,"breeding"
"339","Sample519",19719,2016,"non-mast",6522,1,0,2,108,3,"KL",3.04862685815067,"lactating","late spring",35,221,4.49027641265571,16.159365414,-2.13271755348143,28672,7894.62726181517,0,2,0,0.889583333333334,"breeding"
"340","Sample522",19719,2016,"non-mast",6522,1,0,2,108,3,"KL",3.04862685815067,"pregnant","early spring",-17,209,4.6630809428045,15.463085152,-2.13271755348143,16351,9892.83807743028,0,2,0,0.889583333333334,"breeding"
"341","Sample525",19769,2016,"non-mast",6526,1,2,3,112,3,"KL",3.04862685815067,"lactating","late spring",37,156,3.94740634248533,13.57408327,0.429746360490053,17315,3655.6382399505,1,2,0.333333333333333,1.7695652173913,"breeding"
"342","Sample527",19719,2016,"non-mast",6522,1,0,2,108,3,"KL",3.04862685815067,"lactating","late spring",46,213,4.25151995508728,16.254280295,-2.13271755348143,36911,5695.76057917145,0,2,0,0.889583333333334,"breeding"
"343","Sample529",19769,2016,"non-mast",6526,1,2,3,112,3,"KL",3.04862685815067,"lactating","late spring",68,131,3.90244157688935,12.143066579,0.429746360490053,16571,3413.77622722549,1,2,0.333333333333333,1.7695652173913,"breeding"
"344","Sample532",19769,2016,"non-mast",6526,1,2,3,112,3,"KL",3.04862685815067,"lactating","late spring",51,187,4.13589040961559,14.581000207,0.429746360490053,28616,4830.58701702956,1,2,0.333333333333333,1.7695652173913,"breeding"
"345","Sample534",11256,2016,"non-mast",6424,1,0,2,126,7,"KL",3.04862685815067,"lactating","late spring",3,136,4.21038637080685,13.445962472,NA,10265,5374.32168922979,0,2,0,NA,"breeding"
"346","Sample536",11256,2016,"non-mast",6424,1,0,2,126,7,"KL",3.04862685815067,"non-breeding","summer",77,147,4.18751301786378,12.055069217,NA,31150,5202.21283993821,0,2,0,NA,"non-breeding"
"347","Sample537",11256,2016,"non-mast",6424,1,0,2,126,7,"KL",3.04862685815067,"lactating","late spring",56,109,3.92024473349892,11.171855494,NA,17250,3507.89229771428,0,2,0,NA,"breeding"
"348","Sample540",11256,2016,"non-mast",6424,1,0,2,126,7,"KL",3.04862685815067,"pregnant","early spring",-9,237,4.54557190197064,17.403205017,NA,26400,8493.59361207238,0,2,0,NA,"breeding"
"349","Sample541",19769,2016,"non-mast",6526,1,2,3,112,3,"KL",3.04862685815067,"lactating","early spring",7,239,4.67580627852534,16.659152722,0.429746360490053,28352,10055.2447480694,1,2,0.333333333333333,1.7695652173913,"breeding"
"350","Sample542",11256,2016,"non-mast",6424,1,0,2,126,7,"KL",3.04862685815067,"lactating","late spring",33,102,3.51563156926327,10.889723947,NA,7350,1829.65855217346,0,2,0,NA,"breeding"
"351","Sample543",11775,2016,"non-mast",7042,1,0,2,131,6,"KL",3.04862685815067,"lactating","late spring",22,181,4.10904776013073,14.920346498,-1.08953229565773,32051,4646.2610318344,0,2,0,1.24782608695652,"breeding"
"352","Sample544",11775,2016,"non-mast",7042,1,0,2,131,6,"KL",3.04862685815067,"non-breeding","early spring",-54,211,4.40568730258803,16.550721165,-1.08953229565773,22280,7046.63335465666,0,2,0,1.24782608695652,"non-breeding"
"353","Sample545",11775,2016,"non-mast",7042,1,0,2,131,6,"KL",3.04862685815067,"lactating","summer",55,95,3.53978725602432,10.464549987,-1.08953229565773,14446,1906.0686536612,0,2,0,1.24782608695652,"breeding"
"354","Sample546",11256,2016,"non-mast",6424,1,0,2,126,7,"KL",3.04862685815067,"lactating","late spring",13,168,3.85114789871994,14.827124064,NA,23952,3154.28862698934,0,2,0,NA,"breeding"
"355","Sample547",11775,2016,"non-mast",7042,1,0,2,131,6,"KL",3.04862685815067,"non-breeding","early spring",-44,207,4.43377554545851,16.775124034,-1.08953229565773,21907,7319.3561458495,0,2,0,1.24782608695652,"non-breeding"
"356","Sample548",11775,2016,"non-mast",7042,1,0,2,131,6,"KL",3.04862685815067,"pregnant","early spring",-34,205,4.55823735764768,16.04664806,-1.08953229565773,21214,8635.98130130319,0,2,0,1.24782608695652,"breeding"
"357","Sample549",11775,2016,"non-mast",7042,1,0,2,131,6,"KL",3.04862685815067,"lactating","summer",59,128,3.87946258680606,11.762989654,-1.08953229565773,19970,3295.41503170671,0,2,0,1.24782608695652,"breeding"
"358","Sample550",19719,2016,"non-mast",6522,1,0,2,108,3,"KL",3.04862685815067,"lactating","early spring",5,192,4.62026676350301,15.345478337,-2.13271755348143,18480,9362.36637683886,0,2,0,0.889583333333334,"breeding"
"359","Sample551",11775,2016,"non-mast",7042,1,0,2,131,6,"KL",3.04862685815067,"lactating","late spring",49,123,3.95677656970054,11.954881175,-1.08953229565773,23669,3707.79424266699,0,2,0,1.24782608695652,"breeding"
"360","Sample553",10818,2012,"non-mast",5519,1,2,4,130,4,"KL",1.96523053665911,"pregnant","early spring",-31,139,4.1822641556019,12.743273184,-0.375391754955463,9561,5163.37267609535,2,2,0.5,1.46904761904762,"breeding"
"361","Sample554",12625,2012,"non-mast",5553,1,0,3,118,2,"KL",1.96523053665911,"pregnant","early spring",-31,126,4.11221436935567,11.38864503,0.479283667464067,11709,4667.69622402808,1,2,0.333333333333333,1.74166666666667,"breeding"
"362","Sample555",11775,2012,"non-mast",5535,1,4,3,107,2,"KL",1.96523053665911,"pregnant","early spring",-21,201,4.41233425695749,15.304954245,0.239611064670513,24474,7110.39487950378,1,2,0.333333333333333,1.66521739130435,"breeding"
"363","Sample556",11489,2012,"non-mast",5529,1,0,4,120,5,"KL",1.96523053665911,"pregnant","early spring",-19,195,4.68333323519863,14.840965703,-2.09882319925082,18525,10152.3477667521,0,4,0,0.919318181818181,"breeding"
"364","Sample557",11220,2012,"non-mast",5523,1,4,3,108,2,"KL",1.96523053665911,"pregnant","early spring",-21,191,4.56467772564031,14.334680223,-0.0258083580123953,18547,8709.14403071872,3,0,1,1.58055555555555,"breeding"
"365","Sample558",10374,2012,"non-mast",5517,1,0,4,141,5,"KL",1.96523053665911,"non-breeding","early spring",-54,236,4.52556155250551,15.801088475,1.73853033787607,33636,8272.61941595407,1,3,0.25,2.14333333333334,"non-breeding"
"366","Sample559",10374,2012,"non-mast",5517,1,0,4,141,5,"KL",1.96523053665911,"non-breeding","early spring",-53,218,4.54157195258459,15.633717709,1.73853033787607,25595,8449.03365276521,1,3,0.25,2.14333333333334,"non-breeding"
"367","Sample560",11489,2012,"non-mast",5529,1,0,4,120,5,"KL",1.96523053665911,"pregnant","early spring",-33,215,4.4089191916865,14.747581301,-2.09882319925082,33084,7077.57581874008,0,4,0,0.919318181818181,"breeding"
"368","Sample562",11489,2012,"non-mast",5529,1,0,4,120,5,"KL",1.96523053665911,"pregnant","early spring",-32,175,4.45793581900785,14.152949987,-2.09882319925082,14913,7560.91793919656,0,4,0,0.919318181818181,"breeding"
"369","Sample563",10374,2012,"non-mast",5517,1,0,4,141,5,"KL",1.96523053665911,"non-breeding","early spring",-53,137,4.27005543118462,12.285041372,1.73853033787607,10107,5845.75000876321,1,3,0.25,2.14333333333334,"non-breeding"
"370","Sample565",13666,2010,"mast",4937,2,0,6,186,3,"SU",0.529100529100529,"non-breeding","early spring",-72,182,4.18931026183908,15.04752852,NA,32890,5215.56773768882,0,6,0,NA,"non-breeding"
"371","Sample566",12026,2011,"non-mast",5300,1,0,3,100,1,"SU",1.61249685059209,"lactating","early spring",8,233,4.6075726472423,16.557571149,NA,36580,9209.71824244989,0,3,0,NA,"breeding"
"372","Sample570",12026,2011,"non-mast",5300,1,0,3,100,1,"SU",1.61249685059209,"lactating","late spring",45,136,4.28045434345378,12.477044716,NA,8036,5931.32836716316,0,3,0,NA,"breeding"
"373","Sample571",11976,2011,"non-mast",5297,1,7,2,90,1,"SU",1.61249685059209,"lactating","late spring",52,187,4.17799695200524,14.868425836,NA,33075,5131.97473790854,1,1,0.5,NA,"breeding"
"374","Sample574",10918,2011,"non-mast",5284,1,0,3,85,2,"SU",1.61249685059209,"lactating","late spring",41,182,4.38299711808533,15.016486509,NA,19906,6832.55019577732,1,2,0.333333333333333,NA,"breeding"
"375","Sample575",11489,2011,"non-mast",5179,2,0,5,124,4,"KL",1.8896447467876,"lactating","late spring",8,217,4.57229212652141,16.214261727,1.33968352666365,26643,8796.30886682503,1,4,0.2,2.411,"breeding"
"376","Sample576",10191,2011,"non-mast",5282,2,4,2,152,6,"SU",1.61249685059209,"pregnant","late spring",-27,200,4.41777941609445,15.482991384,-0.210966135422042,28326,7162.98535736434,1,1,0.5,1.72857142857143,"breeding"
"377","Sample577",12462,2011,"non-mast",5306,1,0,4,89,1,"SU",1.61249685059209,"lactating","late spring",60,160,4.21542080994412,13.890500696,-0.484974748611147,21255,5412.83249282064,0,4,0,1.63382352941177,"breeding"
"378","Sample579",12524,2011,"non-mast",5310,1,0,3,73,1,"SU",1.61249685059209,"non-breeding","late spring",78,235,4.46631355293719,16.814567543,NA,45640,7646.21532092352,2,1,0.666666666666667,NA,"non-breeding"
"379","Sample580",10818,2011,"non-mast",5167,1,0,4,111,3,"KL",1.8896447467876,"lactating","late spring",22,231,4.68572038468048,17.188806857,1.37149219746085,26871,10183.30624596,0,4,0,2.42456140350877,"breeding"
"380","Sample581",11976,2011,"non-mast",5297,1,7,2,90,1,"SU",1.61249685059209,"lactating","late spring",65,203,4.15813530439895,15.849417743,NA,53686,4987.91721405356,1,1,0.5,NA,"breeding"
"381","Sample585",12026,2011,"non-mast",5300,1,0,3,100,1,"SU",1.61249685059209,"lactating","late spring",33,216,4.53326560825333,16.746488474,NA,28366,8357.12145752532,0,3,0,NA,"breeding"
"382","Sample586",12827,2011,"non-mast",5210,1,0,3,109,1,"KL",1.8896447467876,"lactating","early spring",9,208,4.57303566874856,16.017637034,-0.0842367894837788,23181,8804.85925298325,2,1,0.666666666666667,1.80392156862745,"breeding"
"383","Sample587",11256,2011,"non-mast",5173,1,1,4,88,2,"KL",1.8896447467876,"lactating","late spring",41,227,4.51156905678654,16.182033282,-0.906721772750723,39517,8120.96176447728,3,1,0.75,1.45326086956522,"breeding"
"384","Sample589",10191,2011,"non-mast",5282,2,4,2,152,6,"SU",1.61249685059209,"lactating","late spring",4,203,4.31969746730487,16.451684249,-0.210966135422042,23540,6263.7390636437,1,1,0.5,1.72857142857143,"breeding"
"385","Sample590",11577,2011,"non-mast",5290,1,0,1,121,1,"SU",1.61249685059209,"pregnant","early spring",-2,158,4.33345701635006,13.763222328,NA,14094,6383.90031033625,0,1,0,NA,"breeding"
"386","Sample594",12026,2011,"non-mast",5300,1,0,3,100,1,"SU",1.61249685059209,"lactating","late spring",46,146,4.21718810934865,13.267493391,NA,12997,5426.40576704627,0,3,0,NA,"breeding"
"387","Sample596",11976,2011,"non-mast",5297,1,7,2,90,1,"SU",1.61249685059209,"lactating","early spring",20,194,4.44200726970521,15.005691884,NA,34010,7400.92679025703,1,1,0.5,NA,"breeding"
"388","Sample598",10374,2011,"non-mast",5164,1,0,4,89,4,"KL",1.8896447467876,"lactating","late spring",39,185,4.5474184531358,14.288172711,NA,16551,8514.23035099628,0,4,0,NA,"breeding"
"389","Sample602",11220,2011,"non-mast",5171,1,0,3,98,1,"KL",1.8896447467876,"lactating","late spring",34,120,3.89523740897252,11.342099825,NA,10123,3376.29391644641,0,3,0,NA,"breeding"
"390","Sample603",10375,2011,"non-mast",5165,1,4,4,82,4,"KL",1.8896447467876,"non-breeding","late spring",81,164,4.30369166542091,13.490712217,0.905670372782402,29346,6126.3367578411,3,1,0.75,2.22596153846154,"non-breeding"
"391","Sample607",11256,2011,"non-mast",5173,1,1,4,88,2,"KL",1.8896447467876,"lactating","late spring",52,221,4.45012469832403,18.442958826,-0.906721772750723,29337,7482.10466964618,3,1,0.75,1.45326086956522,"breeding"
"392","Sample609",10375,2011,"non-mast",5165,1,4,4,82,4,"KL",1.8896447467876,"lactating","late spring",54,136,4.0673711602672,11.587434429,0.905670372782402,29910,4371.6963042827,3,1,0.75,2.22596153846154,"breeding"
"393","Sample610",12026,2011,"non-mast",5300,1,0,3,100,1,"SU",1.61249685059209,"lactating","late spring",44,192,4.4607537988963,14.97612164,NA,22753,7589.52013912144,0,3,0,NA,"breeding"
"394","Sample612",10342,2011,"non-mast",5162,1,0,1,58,4,"KL",1.8896447467876,"lactating","early spring",16,193,4.44555939351654,14.109382492,NA,32270,7436.3588818051,0,1,0,NA,"breeding"
"395","Sample615",10375,2011,"non-mast",5165,1,4,4,82,4,"KL",1.8896447467876,"lactating","late spring",50,139,4.10192487362184,12.886546717,0.905670372782402,19595,4598.34465835829,3,1,0.75,2.22596153846154,"breeding"
"396","Sample617",10342,2011,"non-mast",5163,2,1,5,106,4,"KL",1.8896447467876,"pregnant","early spring",-3,262,4.76035168036767,17.044207025,-0.356134238179351,38134,11191.6276776998,3,2,0.6,1.688,"breeding"
"397","Sample618",11976,2011,"non-mast",5297,1,7,2,90,1,"SU",1.61249685059209,"lactating","early spring",22,120,4.12271404422874,12.562935753,NA,12262,4739.35996982556,1,1,0.5,NA,"breeding"
"398","Sample619",10375,2011,"non-mast",5165,1,4,4,82,4,"KL",1.8896447467876,"pregnant","early spring",-10,213,4.57407705731176,15.369966858,0.905670372782402,35187,8816.84636486703,3,1,0.75,2.22596153846154,"breeding"
"399","Sample621",10918,2011,"non-mast",5284,1,0,3,85,2,"SU",1.61249685059209,"non-breeding","late spring",74,190,4.33399558759587,15.012101266,NA,25076,6388.6423691943,1,2,0.333333333333333,NA,"non-breeding"
"400","Sample622",12026,2011,"non-mast",5300,1,0,3,100,1,"SU",1.61249685059209,"lactating","early spring",16,119,4.07885725128584,12.829045795,NA,8914,4445.98073186418,0,3,0,NA,"breeding"
"401","Sample623",12026,2011,"non-mast",5300,1,0,3,100,1,"SU",1.61249685059209,"lactating","late spring",40,180,4.30006653783768,14.488663457,NA,24529,6095.56792592181,0,3,0,NA,"breeding"
"402","Sample625",11577,2011,"non-mast",5290,1,0,1,121,1,"SU",1.61249685059209,"lactating","late spring",3,168,4.37582244872509,13.921991712,NA,18466,6765.99479648041,0,1,0,NA,"breeding"
"403","Sample626",13667,2011,"non-mast",5315,1,0,4,80,4,"SU",1.61249685059209,"lactating","early spring",28,155,4.46361898747599,13.901104089,NA,8963,7618.69381231796,0,4,0,NA,"breeding"
"404","Sample629",13667,2011,"non-mast",5315,1,0,4,80,4,"SU",1.61249685059209,"lactating","early spring",6,181,4.51724895923962,15.130674762,NA,18400,8182.24177764349,0,4,0,NA,"breeding"
"405","Sample630",10342,2011,"non-mast",5163,2,1,5,106,4,"KL",1.8896447467876,"lactating","late spring",20,151,4.44080936557611,14.18954679,-0.356134238179351,9309,7389.00955568601,3,2,0.6,1.688,"breeding"
"406","Sample632",10818,2011,"non-mast",5167,1,0,4,111,3,"KL",1.8896447467876,"pregnant","early spring",-30,253,4.63370015145991,17.62986534,1.37149219746085,32094,9526.19273183102,0,4,0,2.42456140350877,"breeding"
"407","Sample633",10818,2011,"non-mast",5167,1,0,4,111,3,"KL",1.8896447467876,"pregnant","early spring",-1,208,4.57081852617751,14.957221386,1.37149219746085,33933,8779.38358293091,0,4,0,2.42456140350877,"breeding"
"408","Sample634",11577,2011,"non-mast",5290,1,0,1,121,1,"SU",1.61249685059209,"lactating","late spring",8,163,4.41957946870605,14.184288252,NA,14714,7180.441703195,0,1,0,NA,"breeding"
"409","Sample635",10918,2011,"non-mast",5284,1,0,3,85,2,"SU",1.61249685059209,"lactating","late spring",61,206,4.50918257927448,15.720813113,NA,28909,8095.32851357992,1,2,0.333333333333333,NA,"breeding"
"410","Sample636",10918,2011,"non-mast",5284,1,0,3,85,2,"SU",1.61249685059209,"lactating","late spring",53,195,4.41083257896547,15.187856023,NA,39524,7095.94805547297,1,2,0.333333333333333,NA,"breeding"
"411","Sample637",10818,2011,"non-mast",5167,1,0,4,111,3,"KL",1.8896447467876,"lactating","late spring",39,230,4.3370946038449,17.022754641,1.37149219746085,28440,6415.98588735236,0,4,0,2.42456140350877,"breeding"
"412","Sample639",12026,2011,"non-mast",5300,1,0,3,100,1,"SU",1.61249685059209,"lactating","late spring",51,169,4.3078701125761,14.331401205,NA,18906,6161.96230076875,0,3,0,NA,"breeding"
"413","Sample640",12026,2011,"non-mast",5300,1,0,3,100,1,"SU",1.61249685059209,"lactating","late spring",42,162,4.25598166474435,13.739862752,NA,20871,5731.56861765514,0,3,0,NA,"breeding"
"414","Sample642",11976,2011,"non-mast",5297,1,7,2,90,1,"SU",1.61249685059209,"lactating","late spring",41,97,3.95145583073469,11.62169098,NA,8212,3678.10279218709,1,1,0.5,NA,"breeding"
"415","Sample643",11256,2011,"non-mast",5173,1,1,4,88,2,"KL",1.8896447467876,"lactating","late spring",33,182,4.28864887429092,14.900275475,-0.906721772750723,24903,5999.49825354352,3,1,0.75,1.45326086956522,"breeding"
"416","Sample644",11220,2011,"non-mast",5171,1,0,3,98,1,"KL",1.8896447467876,"lactating","late spring",23,176,4.21401182539597,13.446230413,NA,29943,5402.03142446763,0,3,0,NA,"breeding"
"417","Sample647",10318,2011,"non-mast",5161,2,0,3,116,5,"KL",1.8896447467876,"lactating","late spring",34,187,4.43395283611455,14.655060753,-0.842701283970324,26781,7321.10505049092,1,2,0.333333333333333,1.48055555555555,"breeding"
"418","Sample649",10374,2011,"non-mast",5164,1,0,4,89,4,"KL",1.8896447467876,"lactating","late spring",48,207,4.58474186391456,14.868584438,NA,24144,8940.38988822688,0,4,0,NA,"breeding"
"419","Sample650",12524,2011,"non-mast",5310,1,0,3,73,1,"SU",1.61249685059209,"lactating","late spring",64,146,4.11537666239383,12.989627921,NA,17953,4689.1843067775,2,1,0.666666666666667,NA,"breeding"
"420","Sample651",12026,2011,"non-mast",5300,1,0,3,100,1,"SU",1.61249685059209,"lactating","late spring",55,215,4.47202585761965,15.753327606,NA,36555,7704.83297286146,0,3,0,NA,"breeding"
